Handle,Title,Body (HTML),Vendor,Type,Tags,Published,Option1 Name,Option1 Value,Option2 Name,Option2 Value,Variant SKU,Variant Grams,Variant Inventory Tracker,Variant Inventory Qty,Variant Inventory Policy,Variant Fulfillment Service,Variant Price,Variant Compare At Price,Variant Requires Shipping,Variant Taxable,Variant Barcode,Image Src,Image Position,Variant Image,Variant Weight Unit,Variant Harmonized System Code,Variant Country of Origin
"kroma-mirror-chrome-system","Kroma Edge Self-Organizing Mirror Chrome System","<p>The world's first self-organizing 2K optical coating that delivers a flawless, non-clouding mirror finish across any industry. Chemically bonds and aligns metallic particles to lock in true mirror reflection over plastics, wood, 3D resin, aluminum, and steel without requiring a gloss black groundcoat. Mix ratio 5:5:2:2 (Binder : Reducer : Hardener : Mirror Seeds).</p>","Kroma Edge","Mirror Chrome Systems","Coast Europe, Kroma Edge, Mirror Chrome Systems","TRUE","Size / Pack","Small Kit (140g / 5 oz)","","","KE-MIRROR-140G","500","shopify","50","deny","manual","260.20","","TRUE","TRUE","","Images/Promo Images/Cleaned Skull Image.jpeg","1","","g","3208.90.19","JP"
"kroma-mirror-chrome-system","Kroma Edge Self-Organizing Mirror Chrome System","","Kroma Edge","Mirror Chrome Systems","Coast Europe, Kroma Edge, Mirror Chrome Systems","TRUE","Size / Pack","Medium Kit (420g / 15 oz)","","","KE-MIRROR-420G","500","shopify","50","deny","manual","709.63","","TRUE","TRUE","","","","","g","3208.90.19","JP"
"kroma-mirror-chrome-system","Kroma Edge Self-Organizing Mirror Chrome System","","Kroma Edge","Mirror Chrome Systems","Coast Europe, Kroma Edge, Mirror Chrome Systems","TRUE","Size / Pack","Large Kit (1260g / 45 oz)","","","KE-MIRROR-1260G","500","shopify","50","deny","manual","1596.67","","TRUE","TRUE","","","","","g","3208.90.19","JP"
"kroma-mirror-chrome-system","Kroma Edge Self-Organizing Mirror Chrome System","","Kroma Edge","Mirror Chrome Systems","Coast Europe, Kroma Edge, Mirror Chrome Systems","TRUE","Size / Pack","Extra Large Kit (2520g / 90 oz)","","","KE-MIRROR-2520G","500","shopify","50","deny","manual","2874.00","","TRUE","TRUE","","","","","g","3208.90.19","JP"
"kroma-mirror-chrome-system","Kroma Edge Self-Organizing Mirror Chrome System","","Kroma Edge","Mirror Chrome Systems","Coast Europe, Kroma Edge, Mirror Chrome Systems","TRUE","Size / Pack","Ultra Large Kit (10080g / 360 oz)","","","KE-MIRROR-10080G","500","shopify","50","deny","manual","10127.04","","TRUE","TRUE","","","","","g","3208.90.19","JP"
"kroma-dedicated-topcoat-clear","Kroma Edge Dedicated Topcoat Clear System","<p>Specifically engineered topcoat clear for Kroma Edge Chrome systems with ultra-low turbidity and maximum optical clarity. Formulated to prevent clouding, lifting, or solvent reactivation of the aligned metallic mirror layer. Mix ratio 10:1 (Clear Base : Hardener) + 70-100% Dedicated Thinner.</p>","Kroma Edge","Dedicated Clearcoats","Coast Europe, Kroma Edge, Dedicated Clearcoats","TRUE","Size / Pack","Topcoat Clear 180 SET (1.5 m²)","","","KE-TOPCOAT-CLR-1","500","shopify","50","deny","manual","62.09","","TRUE","TRUE","","Images/kromaedge/kroma-silver-surfer-front.jpg","1","","g","3208.10.90","JP"
"kroma-dedicated-topcoat-clear","Kroma Edge Dedicated Topcoat Clear System","","Kroma Edge","Dedicated Clearcoats","Coast Europe, Kroma Edge, Dedicated Clearcoats","TRUE","Size / Pack","Topcoat Clear 900 SET (6.0 m²)","","","KE-TOPCOAT-CLR-2","500","shopify","50","deny","manual","274.98","","TRUE","TRUE","","","","","g","3208.10.90","JP"
"kroma-dedicated-topcoat-clear","Kroma Edge Dedicated Topcoat Clear System","","Kroma Edge","Dedicated Clearcoats","Coast Europe, Kroma Edge, Dedicated Clearcoats","TRUE","Size / Pack","Topcoat Clear 3600 SET (24.0 m²)","","","KE-TOPCOAT-CLR-3","500","shopify","50","deny","manual","995.00","","TRUE","TRUE","","","","","g","3208.10.90","JP"
"fk-2629","Flake King Pro Series Kit","<p>The Flake King Pro Series Kit is the ultimate dry metal flake solution for the professional custom painter. Housed in a rugged aluminium flight case, the kit includes all components required to assemble the Flake King 500 airbrush attachment, 550 mini gun, and 1000 full-size spray gun. Machined from aircraft-grade billet aluminium with red anodising.</p>","Flake King","Dry Metal Flake Guns","Coast Europe, Flake King, Dry Metal Flake Guns","TRUE","Title","Default Title","","","FOMPRO","500","shopify","50","deny","manual","208.33","","TRUE","TRUE","5060733580007","https://i0.wp.com/www.flakeking.com/wp-content/uploads/2020/06/ProSeriesKit2.jpg?fit=600%2C600&ssl=1","1","","g","8424.20.00","GB"
"fk-2610","Show Krome Metal Flake","<p>Show Krome Metal Flake. Available in .002″, .004″, .008″, .015″, .025″ & .040″<br/>If you are looking for pure commercial/industrial grade Glitters or Metal Flake that are specifically designed to meet the requirements of manufacturers of decorated fabrics, adhesives, vinyl, sheeting, plastic molding, inks, paints, in industries such as automotive, leisure, commercial properties, theme parks, marine. All of which require metal flake glitter with outstanding physical and chemical properties…<br/>Then you have come to the right company!<br/>Flake King Polyester Flake was specifically designed to meet the requirements of manufacturers of decorated fabrics, adhesives, vinyl, sheeting, plastic molding, inks, paints, in industries such as automotive, leisure, commercial properties, theme parks, marine and many more, all of which require metal flake glitter with outstanding physical and chemical properties.<br/>A full chart of colours can be found in the images.<br/>To learn more about the following products – guns, flake & surface binders please watch the video by clicking this link – Product Video</p>","Flake King","Dry Metal Flake (Glitter)","Coast Europe, Flake King, Dry Metal Flake (Glitter)","TRUE","Size / Pack","1000g (1 Kilo Trade Pack)","","","show-krome-metal-flake-1-1","500","shopify","50","deny","manual","314.40","","TRUE","TRUE","","assets/images/flakes/fk-2610.jpg","1","","g","3926.90.97","GB"
"fk-2610","Show Krome Metal Flake","","Flake King","Dry Metal Flake (Glitter)","Coast Europe, Flake King, Dry Metal Flake (Glitter)","TRUE","Size / Pack","100g Jar (Refill / Trade)","","","show-krome-metal-flake-1-2","500","shopify","50","deny","manual","33.63","","TRUE","TRUE","","","","","g","3926.90.97","GB"
"fk-2610","Show Krome Metal Flake","","Flake King","Dry Metal Flake (Glitter)","Coast Europe, Flake King, Dry Metal Flake (Glitter)","TRUE","Size / Pack","30g Jar (Gun Mount)","","","show-krome-metal-flake-1-3","500","shopify","50","deny","manual","11.08","","TRUE","TRUE","","","","","g","3926.90.97","GB"
"fk-2603","Flake King 500 – Dry Metal Flake Airbrush Attachment","<p>The Flake King 500 transforms your existing airbrush into a professional dry flake gun. Ideal for small-to-medium custom projects including helmets, guitars, skateboards, and model kits. Powered entirely by your airbrush compressor at 10–15 PSI, it sprays dry flake into wet binder with zero contamination to your airbrush needle or nozzle.</p>","Flake King","Dry Metal Flake Guns","Coast Europe, Flake King, Dry Metal Flake Guns","TRUE","Title","Default Title","","","FOM500","500","shopify","50","deny","manual","83.33","","TRUE","TRUE","5060733580076","https://i0.wp.com/www.flakeking.com/wp-content/uploads/2020/06/FOM5001.png?fit=600%2C600&ssl=1","1","","g","8424.20.00","GB"
"fk-2602","Flake King 1000 Dry Metal Flake Gun","<p>The Flake King 1000 is the industry-standard dry metal flake applicator gun used by professional custom painters worldwide. Engineered to spray dry flake directly into wet intercoat clear, it eliminates fluid gun contamination, saves up to 70% in clearcoat, and prevents clumping. Features patented Venturi agitation, an in-line metering valve, and 3 color-coded nozzles for total application control.</p>","Flake King","Dry Metal Flake Guns","Coast Europe, Flake King, Dry Metal Flake Guns","TRUE","Title","Default Title","","","FOM1000","500","shopify","50","deny","manual","108.33","","TRUE","TRUE","5060733580014","https://i0.wp.com/www.flakeking.com/wp-content/uploads/2020/06/FOM10001.png?fit=600%2C600&ssl=1","1","","g","8424.20.00","GB"
"fk-2600","FOM 1000/1050 50g Jar & Lid","<p>Replacement 50g Jar & Lid for the FOM 1000 & 1050 Gun</p>","Flake King","Flake King Gun Accessories","Coast Europe, Flake King, Flake King Gun Accessories","TRUE","Title","Default Title","","","FOM50gJarLid","500","shopify","50","deny","manual","1.24","","TRUE","TRUE","5060733583169","https://i0.wp.com/www.flakeking.com/wp-content/uploads/2020/07/FOM1000-50gJarLid.jpg?fit=1200%2C1200&ssl=1","1","","g","8424.90.00","GB"
"fk-2598","FOM 500/550 Spare 30g Jar & Lid","<p>Replacement plastic 30g jar to fit the FOM500 Airbrush & FOM550 Mini Gun</p>","Flake King","Flake King Gun Accessories","Coast Europe, Flake King, Flake King Gun Accessories","TRUE","Title","Default Title","","","FOM500JL","500","shopify","50","deny","manual","1.10","","TRUE","TRUE","5060733580137","https://i0.wp.com/www.flakeking.com/wp-content/uploads/2020/07/FOM500_550JarLid-scaled.jpg?fit=2560%2C2560&ssl=1","1","","g","8424.90.00","GB"
"fk-2542","Flake O Matic 1000","<p>The Flake o Matic has grown up and has now been superseded by the Flake King 1000<br/>Please click here to see the new gun.<br/>The Flake O Matic 1000 was designed to be an efficient way of applying metal flake.</p>","Flake King","Dry Metal Flake Guns","Coast Europe, Flake King, Dry Metal Flake Guns","TRUE","Title","Default Title","","","FOM1000","500","shopify","50","deny","manual","108.33","","TRUE","TRUE","5060733580014","https://i0.wp.com/www.flakeking.com/wp-content/uploads/2020/06/FoMDeluxe2.png?fit=500%2C343&ssl=1","1","","g","8424.20.00","GB"
"fk-2524","Kromatic Show Krome Metal Flake","<p>FKK01 Kromatic Show Krome Metal Flake. Available in .002″, .004″, .008″ & .015″<br/>If you are looking for pure commercial/industrial grade Glitters or Metal Flake that are specifically designed to meet the requirements of manufacturers of decorated fabrics, adhesives, vinyl, sheeting, plastic molding, inks, paints, in industries such as automotive, leisure, commercial properties, theme parks, marine. All of which require metal flake glitter with outstanding physical and chemical properties…<br/>Then you have come to the right company!<br/>Flake King Polyester Flake was specifically designed to meet the requirements of manufacturers of decorated fabrics, adhesives, vinyl, sheeting, plastic molding, inks, paints, in industries such as automotive, leisure, commercial properties, theme parks, marine and many more, all of which require metal flake glitter with outstanding physical and chemical properties.<br/>A full chart of colours can be found in the images.<br/>To learn more about the following products – guns, flake & surface binders please watch the video by clicking this link – Product Video</p>","Flake King","Dry Metal Flake (Glitter)","Coast Europe, Flake King, Dry Metal Flake (Glitter)","TRUE","Size / Pack","1000g (1 Kilo Trade Pack)","","","kromatic-show-krome-metal-flake-1","500","shopify","50","deny","manual","626.66","","TRUE","TRUE","","assets/images/flakes/fk-2524.jpg","1","","g","3926.90.97","GB"
"fk-2524","Kromatic Show Krome Metal Flake","","Flake King","Dry Metal Flake (Glitter)","Coast Europe, Flake King, Dry Metal Flake (Glitter)","TRUE","Size / Pack","100g Jar (Refill / Trade)","","","kromatic-show-krome-metal-flake-2","500","shopify","50","deny","manual","64.88","","TRUE","TRUE","","","","","g","3926.90.97","GB"
"fk-2524","Kromatic Show Krome Metal Flake","","Flake King","Dry Metal Flake (Glitter)","Coast Europe, Flake King, Dry Metal Flake (Glitter)","TRUE","Size / Pack","30g Jar (Gun Mount)","","","kromatic-show-krome-metal-flake-3","500","shopify","50","deny","manual","20.46","","TRUE","TRUE","","","","","g","3926.90.97","GB"
"fk-2426","Flake King 1000 Nozzle","<p>Available in small, medium & large.<br/>Fan nozzles that can be bought individually or as a pack.</p>","Flake King","Flake King Gun Accessories","Coast Europe, Flake King, Flake King Gun Accessories","TRUE","Size / Pack","Small Nozzle","","","FOM1000NZS","500","shopify","50","deny","manual","5.55","","TRUE","TRUE","5060733580038","https://i0.wp.com/www.flakeking.com/wp-content/uploads/2020/06/FanNozzles.jpg?fit=600%2C600&ssl=1","1","","g","8424.90.00","GB"
"fk-2426","Flake King 1000 Nozzle","","Flake King","Flake King Gun Accessories","Coast Europe, Flake King, Flake King Gun Accessories","TRUE","Size / Pack","Medium Nozzle","","","FOM1000NZM","500","shopify","50","deny","manual","5.55","","TRUE","TRUE","5060733580045","","","","g","8424.90.00","GB"
"fk-2426","Flake King 1000 Nozzle","","Flake King","Flake King Gun Accessories","Coast Europe, Flake King, Flake King Gun Accessories","TRUE","Size / Pack","Large Nozzle","","","FOM1000NZL","500","shopify","50","deny","manual","5.55","","TRUE","TRUE","5060733580052","","","","g","8424.90.00","GB"
"fk-2423","FOM 1000/1050 100g Jar and Standard Lid","<p>Replacement Jar and Lid for the Flake King 1000 & 1050.</p>","Flake King","Flake King Gun Accessories","Coast Europe, Flake King, Flake King Gun Accessories","TRUE","Title","Default Title","","","FOM1000Jar","500","shopify","50","deny","manual","1.65","","TRUE","TRUE","5060733580021","https://i0.wp.com/www.flakeking.com/wp-content/uploads/2020/06/FOM1000JarLid-scaled.jpg?fit=2560%2C2560&ssl=1","1","","g","8424.90.00","GB"
"fk-2415","FK100 Prime Black Base","<p>Available in 100ml, 500ml & 1 Litre Bottles<br/>When we considered the perfect colour for our Metal Flake, we had to look no further than FK100 our prime black base that offers incredible adhesion to the wide ranging array of primers on the market today.<br/>Again, as it’s water based, it’s better for the environment, inert and will not react with previously applied products it also easier to ship (worldwide)<br/>Prime Black Base will adhere to properly prepared surfaces such as existing finishes, primer, plastic, vinyl, fibreglass, wood and most substrates.<br/>Prime black base is be the perfect companion for our FK50 Surface binder to adhere to.</p>","Flake King","Basecoats & Binders","Coast Europe, Flake King, Basecoats & Binders","TRUE","Size / Pack","100ml","","","FK100100","500","shopify","50","deny","manual","10.28","","TRUE","TRUE","5060733583152","https://i0.wp.com/www.flakeking.com/wp-content/uploads/2020/06/FK100FamilyWeb_1.jpg?fit=600%2C600&ssl=1","1","","g","3208.90.19","GB"
"fk-2415","FK100 Prime Black Base","","Flake King","Basecoats & Binders","Coast Europe, Flake King, Basecoats & Binders","TRUE","Size / Pack","500ml","","","FK100500","500","shopify","50","deny","manual","45.86","","TRUE","TRUE","5060733583176","","","","g","3208.90.19","GB"
"fk-2415","FK100 Prime Black Base","","Flake King","Basecoats & Binders","Coast Europe, Flake King, Basecoats & Binders","TRUE","Size / Pack","1000ml","","","FK1001000","500","shopify","50","deny","manual","104.72","","TRUE","TRUE","5060733583183","","","","g","3208.90.19","GB"
"fk-2409","FK55 Thinner","<p>Available in 50ml & 100ml<br/>This is our go to thinner for both our FK50 Surface Binder and our FK100 Prime Base. It can be added to a maximum of 10% volume.<br/>It will also be our standard thinners for all new wet products moving forward.</p>","Flake King","Basecoats & Binders","Coast Europe, Flake King, Basecoats & Binders","TRUE","Size / Pack","50ml","","","FK5550","500","shopify","50","deny","manual","5.60","","TRUE","TRUE","5060733580342","https://i0.wp.com/www.flakeking.com/wp-content/uploads/2020/06/FK55FamilyWeb.jpg?fit=600%2C600&ssl=1","1","","g","3814.00.90","GB"
"fk-2409","FK55 Thinner","","Flake King","Basecoats & Binders","Coast Europe, Flake King, Basecoats & Binders","TRUE","Size / Pack","100ml","","","FK55100","500","shopify","50","deny","manual","11.04","","TRUE","TRUE","5060733580359","","","","g","3814.00.90","GB"
"fk-2401","FK50 Surface Binder","<p>Available in 100ml, 500ml & 1 Litre Bottles<br/>FK50 Surface binder is a water based adhesion product, that can applied by brush, dabbed on with a sponge or sprayed on with Spray gun or Airbrush (when thinned with FK55 Thinners).<br/>Developed to stay open longer than a typical solvent or existing water based product with reduced potential of sagging when applied in a medium to wet coat. Its primary use is for the application of our Dry Metal Flakes (Industrial/Commercial Glitters) and our dry blended metal powders.<br/>Why is it better than, for example a solvent binder or 2k clear?<br/>Well as it’s water based, it’s better for the environment, inert will not react with previously applied products, easier to ship (worldwide) and there are no sensible limitations on how many coats that can be applied (within reason).<br/>It also produces a nice clean edge, for masking removal, allowing you to now be able to produce coloured flake designs rather than traditional methods of silver base and coloured “candy” dyes on top. Coloured flake will last longer in direct sunlight than candy dye based products.<br/>An additional bonus the FK50 Surface binder when applied over a complete flaked area, reduces the amount of clear coat required.<br/>FK50 will adhere to properly prepared surfaces such as existing finishes, primer, plastic, vinyl, fibreglass, wood and most substrates.</p>","Flake King","Basecoats & Binders","Coast Europe, Flake King, Basecoats & Binders","TRUE","Size / Pack","50ml","","","FK5050","500","shopify","50","deny","manual","4.99","","TRUE","TRUE","5060733580298","https://i0.wp.com/www.flakeking.com/wp-content/uploads/2020/06/FK50Familyweb.jpg?fit=600%2C600&ssl=1","1","","g","3208.90.19","GB"
"fk-2401","FK50 Surface Binder","","Flake King","Basecoats & Binders","Coast Europe, Flake King, Basecoats & Binders","TRUE","Size / Pack","100ml","","","FK50100","500","shopify","50","deny","manual","9.25","","TRUE","TRUE","5060733580304","","","","g","3208.90.19","GB"
"fk-2401","FK50 Surface Binder","","Flake King","Basecoats & Binders","Coast Europe, Flake King, Basecoats & Binders","TRUE","Size / Pack","500ml","","","FK50500","500","shopify","50","deny","manual","40.36","","TRUE","TRUE","5060733580328","","","","g","3208.90.19","GB"
"fk-2401","FK50 Surface Binder","","Flake King","Basecoats & Binders","Coast Europe, Flake King, Basecoats & Binders","TRUE","Size / Pack","1000ml","","","FK501000","500","shopify","50","deny","manual","79.72","","TRUE","TRUE","5060733580335","","","","g","3208.90.19","GB"
"fk-2392","UltiMask Crepe Masking Tape","<p>Available in 18mm, 24mm, 36mm & 48mm widths<br/>UltiMask Crepe Masking Tape is a general all-round crepe tape for masking off areas when spraying vehicles. It is ideally suited to use with other Flake King products, with a strong adhesion and is heat-resistant to temperatures of 80C/176F. UltiMask Crepe Masking Tape can be easily removed, leaving no residue and is available in widths from 19mm to 48mm. UltiMask Crepe Masking Tape is the perfect high-quality everyday tape. Supplied individually packed to keep clean and dry.</p>","Flake King","Masking Products","Coast Europe, Flake King, Masking Products","TRUE","Title","Default Title","","","ultimask-crepe-masking-tape","500","shopify","50","deny","manual","1.40","","TRUE","TRUE","5060733583145","https://i0.wp.com/www.flakeking.com/wp-content/uploads/2020/06/UltiMaskCrepe18mmB.gif?fit=600%2C600&ssl=1","1","","g","4811.41.00","GB"
"fk-2380","Prime Flat Line Masking Tape","<p>Prime Flat Line Masking Tape<br/>Available in 6mm, 9mm, 12mm, 24mm & 48mm widths<br/>Prime Flat Line Orange is our precision masking solution for masking rubbers, plastics, mouldings, trims, canvass and artboards – both paper and synthetic airbrush papers. Summed up it is a flat non-bleed tape that adheres to surfaces that conventional masking tape would not!<br/>Constructed from “washi” or better known as rice paper, this non-bleed tape is suitable for fine-line work as well as general masking. Developed for high end industrial, commercial model makers, scenery, film, automotive, and artists applications. Ideal for placing over existing artwork or vinyl fine lines as the tape is so translucent it allows you see through it to cut and remove the necessary areas.<br/>The flexible, water-proof, advanced acrylic adhesive means that it will adhere to surfaces that standard masking tape would otherwise not; resistant to 110C/230F, available in widths from 6mm upwards. However, we can produce this to any width required subject to quantity.</p>","Flake King","Masking Products","Coast Europe, Flake King, Masking Products","TRUE","Title","Default Title","","","prime-flat-line-masking-tape","500","shopify","50","deny","manual","1.66","","TRUE","TRUE","5060733583299","https://i0.wp.com/www.flakeking.com/wp-content/uploads/2020/06/FlatLine6mm.png?fit=600%2C600&ssl=1","1","","g","3919.10.80","GB"
"fk-2375","Prime Orange Fine Line Mixed Set","<p>Prime Orange Fine Line Mixed Set<br/>Sizes included: 1 x 1mm, 1 x 2mm, 2 x 3mm<br/>Our Prime Orange Fine Line Tape uses thermally stabilised PVC backing with a rubber based pressure sensitive adhesive. Thinner and more translucent than other Fine Line Tapes making it ideal for seeing through to painted surfaces. Like our prime green fine line it is extremely versatile, perfect for intricate, delicate and multi-layer masking perfect for undulating surfaces and capable of tight radius curves. Developed for high end industrial, commercial model makers, scenery, film and automotive applications. Heat resistant to temperatures up to 138°C/280°F for at least 45 minutes; after painting, it can be cleanly removed leaving a defined line with no adhesive residue.</p>","Flake King","Masking Products","Coast Europe, Flake King, Masking Products","TRUE","Title","Default Title","","","TPORMix","500","shopify","50","deny","manual","15.83","","TRUE","TRUE","5060733583282","https://i0.wp.com/www.flakeking.com/wp-content/uploads/2020/06/WebOrangeProSet_1.jpg?fit=600%2C600&ssl=1","1","","g","3919.10.80","GB"
"fk-2366","Prime Orange Fine Line","<p>Available in 1mm, 2mm, 3mm & 6mm widths<br/>Our Prime Orange Fine Line Tape uses thermally stabilised PVC backing with a rubber based pressure sensitive adhesive. Thinner and more translucent than other Fine Line Tapes making it ideal for seeing through to painted surfaces. Like our prime green fine line it is extremely versatile, perfect for intricate, delicate and multi-layer masking perfect for undulating surfaces and capable of tight radius curves. Developed for high end industrial, commercial model makers, scenery, film and automotive applications. Heat resistant to temperatures up to 138°C/280°F for at least 45 minutes; after painting, it can be cleanly removed leaving a defined line with no adhesive residue.</p>","Flake King","Masking Products","Coast Europe, Flake King, Masking Products","TRUE","Title","Default Title","","","prime-orange-fine-line","500","shopify","50","deny","manual","2.91","","TRUE","TRUE","5060733583244","https://i0.wp.com/www.flakeking.com/wp-content/uploads/2020/06/Orange1mm.png?fit=600%2C600&ssl=1","1","","g","3919.10.80","GB"
"fk-2361","Prime Green Fine Line Mixed Set","<p>Prime Green Fine Line Mixed Set<br/>Sizes included: 1 x 1mm, 1 x 2mm, 2 x 3mm<br/>Our Prime Green Fine Line Tape uses thermally stabilised PVC backing with a rubber based pressure sensitive adhesive. Thinner and more translucent than other Fine Line Tapes making it ideal for seeing through to painted surfaces. Like our prime orange fine line it is extremely versatile, perfect for intricate, delicate and multi-layer masking perfect for undulating surfaces and capable of tight radius curves. Developed for high end industrial, commercial model makers, scenery, film and automotive applications. Heat resistant to temperatures up to 132° C/270° F for at least 30 minutes.</p>","Flake King","Masking Products","Coast Europe, Flake King, Masking Products","TRUE","Title","Default Title","","","TPGRMix","500","shopify","50","deny","manual","15.83","","TRUE","TRUE","5060733583237","https://i0.wp.com/www.flakeking.com/wp-content/uploads/2020/06/WebGreenProSet.jpg?fit=600%2C600&ssl=1","1","","g","3919.10.80","GB"
"fk-2352","Prime Green Fine Line Tape","<p>Available in 1mm, 2mm, 3mm & 6mm widths<br/>Our Prime Green Fine Line Tape uses thermally stabilised PVC backing with a rubber based pressure sensitive adhesive. Thinner and more translucent than other Fine Line Tapes making it ideal for seeing through to painted surfaces. Like our prime orange fine line it is extremely versatile, perfect for intricate, delicate and multi-layer masking perfect for undulating surfaces and capable of tight radius curves. Developed for high end industrial, commercial model makers, scenery, film and automotive applications. Heat resistant to temperatures up to 132° C/270° F for at least 30 minutes.</p>","Flake King","Masking Products","Coast Europe, Flake King, Masking Products","TRUE","Title","Default Title","","","prime-green-fine-line-tape","500","shopify","50","deny","manual","2.91","","TRUE","TRUE","5060733583190","https://i0.wp.com/www.flakeking.com/wp-content/uploads/2020/06/Green1mm.png?fit=600%2C600&ssl=1","1","","g","3919.10.80","GB"
"fk-2341","Kromatic Black Asteroid Metal Flake","<p>FKK13 Kromatic Asteroid Metal Flake. Available in .008″ & .015″<br/>If you are looking for pure commercial/industrial grade Glitters or Metal Flake that are specifically designed to meet the requirements of manufacturers of decorated fabrics, adhesives, vinyl, sheeting, plastic molding, inks, paints, in industries such as automotive, leisure, commercial properties, theme parks, marine. All of which require metal flake glitter with outstanding physical and chemical properties…<br/>Then you have come to the right company!<br/>Flake King Polyester Flake was specifically designed to meet the requirements of manufacturers of decorated fabrics, adhesives, vinyl, sheeting, plastic molding, inks, paints, in industries such as automotive, leisure, commercial properties, theme parks, marine and many more, all of which require metal flake glitter with outstanding physical and chemical properties.<br/>A full chart of colours can be found in the images.<br/>To learn more about the following products – guns, flake & surface binders please watch the video by clicking this link – Product Video</p>","Flake King","Dry Metal Flake (Glitter)","Coast Europe, Flake King, Dry Metal Flake (Glitter)","TRUE","Size / Pack","1000g (1 Kilo Trade Pack)","","","kromatic-asteroid-metal-flake-1","500","shopify","50","deny","manual","151.90","","TRUE","TRUE","","assets/images/flakes/fk-2341.jpg","1","","g","3926.90.97","GB"
"fk-2341","Kromatic Black Asteroid Metal Flake","","Flake King","Dry Metal Flake (Glitter)","Coast Europe, Flake King, Dry Metal Flake (Glitter)","TRUE","Size / Pack","100g Jar (Refill / Trade)","","","kromatic-asteroid-metal-flake-2","500","shopify","50","deny","manual","17.38","","TRUE","TRUE","","","","","g","3926.90.97","GB"
"fk-2341","Kromatic Black Asteroid Metal Flake","","Flake King","Dry Metal Flake (Glitter)","Coast Europe, Flake King, Dry Metal Flake (Glitter)","TRUE","Size / Pack","30g Jar (Gun Mount)","","","kromatic-asteroid-metal-flake-3","500","shopify","50","deny","manual","6.21","","TRUE","TRUE","","","","","g","3926.90.97","GB"
"fk-2330","Gun Metal Metal Flake","<p>FKS23 Gun Metal Metal Flake. Available in .008″ & .015″<br/>If you are looking for pure commercial/industrial grade Glitters or Metal Flake that are specifically designed to meet the requirements of manufacturers of decorated fabrics, adhesives, vinyl, sheeting, plastic molding, inks, paints, in industries such as automotive, leisure, commercial properties, theme parks, marine. All of which require metal flake glitter with outstanding physical and chemical properties…<br/>Then you have come to the right company!<br/>Flake King Polyester Flake was specifically designed to meet the requirements of manufacturers of decorated fabrics, adhesives, vinyl, sheeting, plastic molding, inks, paints, in industries such as automotive, leisure, commercial properties, theme parks, marine and many more, all of which require metal flake glitter with outstanding physical and chemical properties.<br/>A full chart of colours can be found in the images.<br/>To learn more about the following products – guns, flake & surface binders please watch the video by clicking this link – Product Video</p>","Flake King","Dry Metal Flake (Glitter)","Coast Europe, Flake King, Dry Metal Flake (Glitter)","TRUE","Size / Pack","1000g (1 Kilo Trade Pack)","","","gun-metal-metal-flake-1","500","shopify","50","deny","manual","108.33","","TRUE","TRUE","","assets/images/flakes/fk-2330.jpg","1","","g","8424.20.00","GB"
"fk-2330","Gun Metal Metal Flake","","Flake King","Dry Metal Flake (Glitter)","Coast Europe, Flake King, Dry Metal Flake (Glitter)","TRUE","Size / Pack","100g Jar (Refill / Trade)","","","gun-metal-metal-flake-2","500","shopify","50","deny","manual","12.49","","TRUE","TRUE","","","","","g","8424.20.00","GB"
"fk-2330","Gun Metal Metal Flake","","Flake King","Dry Metal Flake (Glitter)","Coast Europe, Flake King, Dry Metal Flake (Glitter)","TRUE","Size / Pack","30g Jar (Gun Mount)","","","gun-metal-metal-flake-3","500","shopify","50","deny","manual","4.71","","TRUE","TRUE","","","","","g","8424.20.00","GB"
"fk-2319","Kromatic Elvis Gold Metal Flake","<p>FKK01 Kromatic Elvis Gold Metal Flake. Available in .008″ & .015″<br/>If you are looking for pure commercial/industrial grade Glitters or Metal Flake that are specifically designed to meet the requirements of manufacturers of decorated fabrics, adhesives, vinyl, sheeting, plastic molding, inks, paints, in industries such as automotive, leisure, commercial properties, theme parks, marine. All of which require metal flake glitter with outstanding physical and chemical properties…<br/>Then you have come to the right company!<br/>Flake King Polyester Flake was specifically designed to meet the requirements of manufacturers of decorated fabrics, adhesives, vinyl, sheeting, plastic molding, inks, paints, in industries such as automotive, leisure, commercial properties, theme parks, marine and many more, all of which require metal flake glitter with outstanding physical and chemical properties.<br/>A full chart of colours can be found in the images.<br/>To learn more about the following products – guns, flake & surface binders please watch the video by clicking this link – Product Video</p>","Flake King","Dry Metal Flake (Glitter)","Coast Europe, Flake King, Dry Metal Flake (Glitter)","TRUE","Size / Pack","1000g (1 Kilo Trade Pack)","","","kromatic-elvis-gold-metal-flake-1","500","shopify","50","deny","manual","151.90","","TRUE","TRUE","","assets/images/flakes/fk-2319.jpg","1","","g","3926.90.97","GB"
"fk-2319","Kromatic Elvis Gold Metal Flake","","Flake King","Dry Metal Flake (Glitter)","Coast Europe, Flake King, Dry Metal Flake (Glitter)","TRUE","Size / Pack","100g Jar (Refill / Trade)","","","kromatic-elvis-gold-metal-flake-2","500","shopify","50","deny","manual","17.38","","TRUE","TRUE","","","","","g","3926.90.97","GB"
"fk-2319","Kromatic Elvis Gold Metal Flake","","Flake King","Dry Metal Flake (Glitter)","Coast Europe, Flake King, Dry Metal Flake (Glitter)","TRUE","Size / Pack","30g Jar (Gun Mount)","","","kromatic-elvis-gold-metal-flake-3","500","shopify","50","deny","manual","6.21","","TRUE","TRUE","","","","","g","3926.90.97","GB"
"fk-2308","Dragon Koi Flake","<p>FKI02 Dragon Koi Flake. Available in .008″ & .015″<br/>Due to the chemical nature of this flake it is only suitable for Dry Application using solvent or water based adhesion coat it cannot be suspended in a solvent.Due to the chemical nature of this flake it is only suitable for Dry Application using solvent or water based adhesion coat it cannot be suspended in a solvent.<br/>If you are looking for pure commercial/industrial grade Glitters or Metal Flake that are specifically designed to meet the requirements of manufacturers of decorated fabrics, adhesives, vinyl, sheeting, plastic molding, inks, paints, in industries such as automotive, leisure, commercial properties, theme parks, marine. All of which require metal flake glitter with outstanding physical and chemical properties…<br/>Then you have come to the right company!<br/>Flake King Polyester Flake was specifically designed to meet the requirements of manufacturers of decorated fabrics, adhesives, vinyl, sheeting, plastic molding, inks, paints, in industries such as automotive, leisure, commercial properties, theme parks, marine and many more, all of which require metal flake glitter with outstanding physical and chemical properties.<br/>A full chart of colours can be found in the images.<br/>To learn more about the following products – guns, flake & surface binders please watch the video by clicking this link – Product Video</p>","Flake King","Dry Metal Flake (Glitter)","Coast Europe, Flake King, Dry Metal Flake (Glitter)","TRUE","Size / Pack","1000g (1 Kilo Trade Pack)","","","dragon-koi-flake-1","500","shopify","50","deny","manual","137.49","","TRUE","TRUE","","assets/images/flakes/fk-2308.jpg","1","","g","3926.90.97","GB"
"fk-2308","Dragon Koi Flake","","Flake King","Dry Metal Flake (Glitter)","Coast Europe, Flake King, Dry Metal Flake (Glitter)","TRUE","Size / Pack","100g Jar (Refill / Trade)","","","dragon-koi-flake-2","500","shopify","50","deny","manual","16.66","","TRUE","TRUE","","","","","g","3926.90.97","GB"
"fk-2308","Dragon Koi Flake","","Flake King","Dry Metal Flake (Glitter)","Coast Europe, Flake King, Dry Metal Flake (Glitter)","TRUE","Size / Pack","30g Jar (Gun Mount)","","","dragon-koi-flake-3","500","shopify","50","deny","manual","5.41","","TRUE","TRUE","","","","","g","3926.90.97","GB"
"fk-2297","Water Dragon Flake","<p>FKI01 Water Dragon Flake. Available in .008″ & .015″<br/>Due to the chemical nature of this flake it is only suitable for Dry Application using solvent or water based adhesion coat it cannot be suspended in a solvent.<br/>If you are looking for pure commercial/industrial grade Glitters or Metal Flake that are specifically designed to meet the requirements of manufacturers of decorated fabrics, adhesives, vinyl, sheeting, plastic molding, inks, paints, in industries such as automotive, leisure, commercial properties, theme parks, marine. All of which require metal flake glitter with outstanding physical and chemical properties…<br/>Then you have come to the right company!<br/>Flake King Polyester Flake was specifically designed to meet the requirements of manufacturers of decorated fabrics, adhesives, vinyl, sheeting, plastic molding, inks, paints, in industries such as automotive, leisure, commercial properties, theme parks, marine and many more, all of which require metal flake glitter with outstanding physical and chemical properties.<br/>A full chart of colours can be found in the images.<br/>To learn more about the following products – guns, flake & surface binders please watch the video by clicking this link – Product Video</p>","Flake King","Dry Metal Flake (Glitter)","Coast Europe, Flake King, Dry Metal Flake (Glitter)","TRUE","Size / Pack","1000g (1 Kilo Trade Pack)","","","water-dragon-flake-1","500","shopify","50","deny","manual","151.90","","TRUE","TRUE","","assets/images/flakes/fk-2297.jpg","1","","g","3926.90.97","GB"
"fk-2297","Water Dragon Flake","","Flake King","Dry Metal Flake (Glitter)","Coast Europe, Flake King, Dry Metal Flake (Glitter)","TRUE","Size / Pack","100g Jar (Refill / Trade)","","","water-dragon-flake-2","500","shopify","50","deny","manual","17.38","","TRUE","TRUE","","","","","g","3926.90.97","GB"
"fk-2297","Water Dragon Flake","","Flake King","Dry Metal Flake (Glitter)","Coast Europe, Flake King, Dry Metal Flake (Glitter)","TRUE","Size / Pack","30g Jar (Gun Mount)","","","water-dragon-flake-3","500","shopify","50","deny","manual","6.21","","TRUE","TRUE","","","","","g","3926.90.97","GB"
"fk-2283","Candy Cobalt Blue Metal Flake","<p>FKS20 Candy Cobalt Blue Metal Flake. Available in .004″, .008″ & .015″<br/>If you are looking for pure commercial/industrial grade Glitters or Metal Flake that are specifically designed to meet the requirements of manufacturers of decorated fabrics, adhesives, vinyl, sheeting, plastic molding, inks, paints, in industries such as automotive, leisure, commercial properties, theme parks, marine. All of which require metal flake glitter with outstanding physical and chemical properties…<br/>Then you have come to the right company!<br/>Flake King Polyester Flake was specifically designed to meet the requirements of manufacturers of decorated fabrics, adhesives, vinyl, sheeting, plastic molding, inks, paints, in industries such as automotive, leisure, commercial properties, theme parks, marine and many more, all of which require metal flake glitter with outstanding physical and chemical properties.<br/>A full chart of colours can be found in the images.<br/>To learn more about the following products – guns, flake & surface binders please watch the video by clicking this link – Product Video</p>","Flake King","Dry Metal Flake (Glitter)","Coast Europe, Flake King, Dry Metal Flake (Glitter)","TRUE","Size / Pack","1000g (1 Kilo Trade Pack)","","","candy-cobalt-blue-metal-flake-1","500","shopify","50","deny","manual","141.66","","TRUE","TRUE","","assets/images/flakes/fk-2283.jpg","1","","g","3926.90.97","GB"
"fk-2283","Candy Cobalt Blue Metal Flake","","Flake King","Dry Metal Flake (Glitter)","Coast Europe, Flake King, Dry Metal Flake (Glitter)","TRUE","Size / Pack","100g Jar (Refill / Trade)","","","candy-cobalt-blue-metal-flake-2","500","shopify","50","deny","manual","14.88","","TRUE","TRUE","","","","","g","3926.90.97","GB"
"fk-2283","Candy Cobalt Blue Metal Flake","","Flake King","Dry Metal Flake (Glitter)","Coast Europe, Flake King, Dry Metal Flake (Glitter)","TRUE","Size / Pack","30g Jar (Gun Mount)","","","candy-cobalt-blue-metal-flake-3","500","shopify","50","deny","manual","5.46","","TRUE","TRUE","","","","","g","3926.90.97","GB"
"fk-2269","Candy Turquoise Blue Metal Flake","<p>FKS21 Candy Turquoise Blue Metal Flake. Available in .004″, .008″ & .015″<br/>If you are looking for pure commercial/industrial grade Glitters or Metal Flake that are specifically designed to meet the requirements of manufacturers of decorated fabrics, adhesives, vinyl, sheeting, plastic molding, inks, paints, in industries such as automotive, leisure, commercial properties, theme parks, marine. All of which require metal flake glitter with outstanding physical and chemical properties…<br/>Then you have come to the right company!<br/>Flake King Polyester Flake was specifically designed to meet the requirements of manufacturers of decorated fabrics, adhesives, vinyl, sheeting, plastic molding, inks, paints, in industries such as automotive, leisure, commercial properties, theme parks, marine and many more, all of which require metal flake glitter with outstanding physical and chemical properties.<br/>A full chart of colours can be found in the images.<br/>To learn more about the following products – guns, flake & surface binders please watch the video by clicking this link – Product Video</p>","Flake King","Dry Metal Flake (Glitter)","Coast Europe, Flake King, Dry Metal Flake (Glitter)","TRUE","Size / Pack","1000g (1 Kilo Trade Pack)","","","candy-turquoise-blue-metal-flake-1","500","shopify","50","deny","manual","141.66","","TRUE","TRUE","","assets/images/flakes/fk-2269.jpg","1","","g","3926.90.97","GB"
"fk-2269","Candy Turquoise Blue Metal Flake","","Flake King","Dry Metal Flake (Glitter)","Coast Europe, Flake King, Dry Metal Flake (Glitter)","TRUE","Size / Pack","100g Jar (Refill / Trade)","","","candy-turquoise-blue-metal-flake-2","500","shopify","50","deny","manual","14.88","","TRUE","TRUE","","","","","g","3926.90.97","GB"
"fk-2269","Candy Turquoise Blue Metal Flake","","Flake King","Dry Metal Flake (Glitter)","Coast Europe, Flake King, Dry Metal Flake (Glitter)","TRUE","Size / Pack","30g Jar (Gun Mount)","","","candy-turquoise-blue-metal-flake-3","500","shopify","50","deny","manual","5.46","","TRUE","TRUE","","","","","g","3926.90.97","GB"
"fk-2255","Candy Azura Blue Metal Flake","<p>FKS19 Candy Azura Blue Metal Flake. Available in .004″, .008″ & .015″<br/>If you are looking for pure commercial/industrial grade Glitters or Metal Flake that are specifically designed to meet the requirements of manufacturers of decorated fabrics, adhesives, vinyl, sheeting, plastic molding, inks, paints, in industries such as automotive, leisure, commercial properties, theme parks, marine. All of which require metal flake glitter with outstanding physical and chemical properties…<br/>Then you have come to the right company!<br/>Flake King Polyester Flake was specifically designed to meet the requirements of manufacturers of decorated fabrics, adhesives, vinyl, sheeting, plastic molding, inks, paints, in industries such as automotive, leisure, commercial properties, theme parks, marine and many more, all of which require metal flake glitter with outstanding physical and chemical properties.<br/>A full chart of colours can be found in the images.<br/>To learn more about the following products – guns, flake & surface binders please watch the video by clicking this link – Product Video</p>","Flake King","Dry Metal Flake (Glitter)","Coast Europe, Flake King, Dry Metal Flake (Glitter)","TRUE","Size / Pack","1000g (1 Kilo Trade Pack)","","","candy-azura-blue-metal-flake-1","500","shopify","50","deny","manual","141.66","","TRUE","TRUE","","assets/images/flakes/fk-2255.jpg","1","","g","3926.90.97","GB"
"fk-2255","Candy Azura Blue Metal Flake","","Flake King","Dry Metal Flake (Glitter)","Coast Europe, Flake King, Dry Metal Flake (Glitter)","TRUE","Size / Pack","100g Jar (Refill / Trade)","","","candy-azura-blue-metal-flake-2","500","shopify","50","deny","manual","14.88","","TRUE","TRUE","","","","","g","3926.90.97","GB"
"fk-2255","Candy Azura Blue Metal Flake","","Flake King","Dry Metal Flake (Glitter)","Coast Europe, Flake King, Dry Metal Flake (Glitter)","TRUE","Size / Pack","30g Jar (Gun Mount)","","","candy-azura-blue-metal-flake-3","500","shopify","50","deny","manual","5.46","","TRUE","TRUE","","","","","g","3926.90.97","GB"
"fk-2244","Kromatic Blue Flake","<p>FKK10 Kromatic Blue Flake. Available in .008″ & .015″<br/>If you are looking for pure commercial/industrial grade Glitters or Metal Flake that are specifically designed to meet the requirements of manufacturers of decorated fabrics, adhesives, vinyl, sheeting, plastic molding, inks, paints, in industries such as automotive, leisure, commercial properties, theme parks, marine. All of which require metal flake glitter with outstanding physical and chemical properties…<br/>Then you have come to the right company!<br/>Flake King Polyester Flake was specifically designed to meet the requirements of manufacturers of decorated fabrics, adhesives, vinyl, sheeting, plastic molding, inks, paints, in industries such as automotive, leisure, commercial properties, theme parks, marine and many more, all of which require metal flake glitter with outstanding physical and chemical properties.<br/>A full chart of colours can be found in the images.<br/>To learn more about the following products – guns, flake & surface binders please watch the video by clicking this link – Product Video</p>","Flake King","Dry Metal Flake (Glitter)","Coast Europe, Flake King, Dry Metal Flake (Glitter)","TRUE","Size / Pack","1000g (1 Kilo Trade Pack)","","","kromatic-blue-flake-1","500","shopify","50","deny","manual","151.90","","TRUE","TRUE","","assets/images/flakes/fk-2244.jpg","1","","g","3926.90.97","GB"
"fk-2244","Kromatic Blue Flake","","Flake King","Dry Metal Flake (Glitter)","Coast Europe, Flake King, Dry Metal Flake (Glitter)","TRUE","Size / Pack","100g Jar (Refill / Trade)","","","kromatic-blue-flake-2","500","shopify","50","deny","manual","17.38","","TRUE","TRUE","","","","","g","3926.90.97","GB"
"fk-2244","Kromatic Blue Flake","","Flake King","Dry Metal Flake (Glitter)","Coast Europe, Flake King, Dry Metal Flake (Glitter)","TRUE","Size / Pack","30g Jar (Gun Mount)","","","kromatic-blue-flake-3","500","shopify","50","deny","manual","6.21","","TRUE","TRUE","","","","","g","3926.90.97","GB"
"fk-2233","Candy Light Blue Metal Flake","<p>FKS18 Candy Light Blue Metal Flake. Available in .008″ & .015″<br/>If you are looking for pure commercial/industrial grade Glitters or Metal Flake that are specifically designed to meet the requirements of manufacturers of decorated fabrics, adhesives, vinyl, sheeting, plastic molding, inks, paints, in industries such as automotive, leisure, commercial properties, theme parks, marine. All of which require metal flake glitter with outstanding physical and chemical properties…<br/>Then you have come to the right company!<br/>Flake King Polyester Flake was specifically designed to meet the requirements of manufacturers of decorated fabrics, adhesives, vinyl, sheeting, plastic molding, inks, paints, in industries such as automotive, leisure, commercial properties, theme parks, marine and many more, all of which require metal flake glitter with outstanding physical and chemical properties.<br/>A full chart of colours can be found in the images.<br/>To learn more about the following products – guns, flake & surface binders please watch the video by clicking this link – Product Video</p>","Flake King","Dry Metal Flake (Glitter)","Coast Europe, Flake King, Dry Metal Flake (Glitter)","TRUE","Size / Pack","1000g (1 Kilo Trade Pack)","","","candy-light-blue-metal-flake-1","500","shopify","50","deny","manual","108.33","","TRUE","TRUE","","assets/images/flakes/fk-2233.jpg","1","","g","3926.90.97","GB"
"fk-2233","Candy Light Blue Metal Flake","","Flake King","Dry Metal Flake (Glitter)","Coast Europe, Flake King, Dry Metal Flake (Glitter)","TRUE","Size / Pack","100g Jar (Refill / Trade)","","","candy-light-blue-metal-flake-2","500","shopify","50","deny","manual","12.49","","TRUE","TRUE","","","","","g","3926.90.97","GB"
"fk-2233","Candy Light Blue Metal Flake","","Flake King","Dry Metal Flake (Glitter)","Coast Europe, Flake King, Dry Metal Flake (Glitter)","TRUE","Size / Pack","30g Jar (Gun Mount)","","","candy-light-blue-metal-flake-3","500","shopify","50","deny","manual","4.71","","TRUE","TRUE","","","","","g","3926.90.97","GB"
"fk-2222","Kromatic Poison Green Metal Flake","<p>FKK12 Kromatic Poison Green Metal Flake. Available in .008″ & .015″<br/>If you are looking for pure commercial/industrial grade Glitters or Metal Flake that are specifically designed to meet the requirements of manufacturers of decorated fabrics, adhesives, vinyl, sheeting, plastic molding, inks, paints, in industries such as automotive, leisure, commercial properties, theme parks, marine. All of which require metal flake glitter with outstanding physical and chemical properties…<br/>Then you have come to the right company!<br/>Flake King Polyester Flake was specifically designed to meet the requirements of manufacturers of decorated fabrics, adhesives, vinyl, sheeting, plastic molding, inks, paints, in industries such as automotive, leisure, commercial properties, theme parks, marine and many more, all of which require metal flake glitter with outstanding physical and chemical properties.<br/>A full chart of colours can be found in the images.<br/>To learn more about the following products – guns, flake & surface binders please watch the video by clicking this link – Product Video</p>","Flake King","Dry Metal Flake (Glitter)","Coast Europe, Flake King, Dry Metal Flake (Glitter)","TRUE","Size / Pack","1000g (1 Kilo Trade Pack)","","","kromatic-poison-green-metal-flake-1","500","shopify","50","deny","manual","151.90","","TRUE","TRUE","","assets/images/flakes/fk-2222.jpg","1","","g","3926.90.97","GB"
"fk-2222","Kromatic Poison Green Metal Flake","","Flake King","Dry Metal Flake (Glitter)","Coast Europe, Flake King, Dry Metal Flake (Glitter)","TRUE","Size / Pack","100g Jar (Refill / Trade)","","","kromatic-poison-green-metal-flake-2","500","shopify","50","deny","manual","17.38","","TRUE","TRUE","","","","","g","3926.90.97","GB"
"fk-2222","Kromatic Poison Green Metal Flake","","Flake King","Dry Metal Flake (Glitter)","Coast Europe, Flake King, Dry Metal Flake (Glitter)","TRUE","Size / Pack","30g Jar (Gun Mount)","","","kromatic-poison-green-metal-flake-3","500","shopify","50","deny","manual","6.21","","TRUE","TRUE","","","","","g","3926.90.97","GB"
"fk-2208","Candy Emerald Green Metal Flake","<p>FKS17 Candy Emerald Green Metal Flake. Available in .004″, .008″ & .015″<br/>If you are looking for pure commercial/industrial grade Glitters or Metal Flake that are specifically designed to meet the requirements of manufacturers of decorated fabrics, adhesives, vinyl, sheeting, plastic molding, inks, paints, in industries such as automotive, leisure, commercial properties, theme parks, marine. All of which require metal flake glitter with outstanding physical and chemical properties…<br/>Then you have come to the right company!<br/>Flake King Polyester Flake was specifically designed to meet the requirements of manufacturers of decorated fabrics, adhesives, vinyl, sheeting, plastic molding, inks, paints, in industries such as automotive, leisure, commercial properties, theme parks, marine and many more, all of which require metal flake glitter with outstanding physical and chemical properties.<br/>A full chart of colours can be found in the images.<br/>To learn more about the following products – guns, flake & surface binders please watch the video by clicking this link – Product Video</p>","Flake King","Dry Metal Flake (Glitter)","Coast Europe, Flake King, Dry Metal Flake (Glitter)","TRUE","Size / Pack","1000g (1 Kilo Trade Pack)","","","candy-emerald-green-metal-flake-1","500","shopify","50","deny","manual","141.66","","TRUE","TRUE","","assets/images/flakes/fk-2208.jpg","1","","g","3926.90.97","GB"
"fk-2208","Candy Emerald Green Metal Flake","","Flake King","Dry Metal Flake (Glitter)","Coast Europe, Flake King, Dry Metal Flake (Glitter)","TRUE","Size / Pack","100g Jar (Refill / Trade)","","","candy-emerald-green-metal-flake-2","500","shopify","50","deny","manual","14.88","","TRUE","TRUE","","","","","g","3926.90.97","GB"
"fk-2208","Candy Emerald Green Metal Flake","","Flake King","Dry Metal Flake (Glitter)","Coast Europe, Flake King, Dry Metal Flake (Glitter)","TRUE","Size / Pack","30g Jar (Gun Mount)","","","candy-emerald-green-metal-flake-3","500","shopify","50","deny","manual","5.46","","TRUE","TRUE","","","","","g","3926.90.97","GB"
"fk-2194","Candy Poison Green Metal Flake","<p>FKS16 Candy Poison Green Metal Flake. Available in .004″, .008″ & .015″<br/>If you are looking for pure commercial/industrial grade Glitters or Metal Flake that are specifically designed to meet the requirements of manufacturers of decorated fabrics, adhesives, vinyl, sheeting, plastic molding, inks, paints, in industries such as automotive, leisure, commercial properties, theme parks, marine. All of which require metal flake glitter with outstanding physical and chemical properties…<br/>Then you have come to the right company!<br/>Flake King Polyester Flake was specifically designed to meet the requirements of manufacturers of decorated fabrics, adhesives, vinyl, sheeting, plastic molding, inks, paints, in industries such as automotive, leisure, commercial properties, theme parks, marine and many more, all of which require metal flake glitter with outstanding physical and chemical properties.<br/>A full chart of colours can be found in the images.<br/>To learn more about the following products – guns, flake & surface binders please watch the video by clicking this link – Product Video</p>","Flake King","Dry Metal Flake (Glitter)","Coast Europe, Flake King, Dry Metal Flake (Glitter)","TRUE","Size / Pack","1000g (1 Kilo Trade Pack)","","","candy-poison-green-metal-flake-1","500","shopify","50","deny","manual","141.66","","TRUE","TRUE","","assets/images/flakes/fk-2194.jpg","1","","g","3926.90.97","GB"
"fk-2194","Candy Poison Green Metal Flake","","Flake King","Dry Metal Flake (Glitter)","Coast Europe, Flake King, Dry Metal Flake (Glitter)","TRUE","Size / Pack","100g Jar (Refill / Trade)","","","candy-poison-green-metal-flake-2","500","shopify","50","deny","manual","14.88","","TRUE","TRUE","","","","","g","3926.90.97","GB"
"fk-2194","Candy Poison Green Metal Flake","","Flake King","Dry Metal Flake (Glitter)","Coast Europe, Flake King, Dry Metal Flake (Glitter)","TRUE","Size / Pack","30g Jar (Gun Mount)","","","candy-poison-green-metal-flake-3","500","shopify","50","deny","manual","5.46","","TRUE","TRUE","","","","","g","3926.90.97","GB"
"fk-2183","Candy Lime Green Metal Flake","<p>FKS15 Candy Lime Green Metal Flake. Available in .008″ & .015″<br/>If you are looking for pure commercial/industrial grade Glitters or Metal Flake that are specifically designed to meet the requirements of manufacturers of decorated fabrics, adhesives, vinyl, sheeting, plastic molding, inks, paints, in industries such as automotive, leisure, commercial properties, theme parks, marine. All of which require metal flake glitter with outstanding physical and chemical properties…<br/>Then you have come to the right company!<br/>Flake King Polyester Flake was specifically designed to meet the requirements of manufacturers of decorated fabrics, adhesives, vinyl, sheeting, plastic molding, inks, paints, in industries such as automotive, leisure, commercial properties, theme parks, marine and many more, all of which require metal flake glitter with outstanding physical and chemical properties.<br/>A full chart of colours can be found in the images.<br/>To learn more about the following products – guns, flake & surface binders please watch the video by clicking this link – Product Video</p>","Flake King","Dry Metal Flake (Glitter)","Coast Europe, Flake King, Dry Metal Flake (Glitter)","TRUE","Size / Pack","1000g (1 Kilo Trade Pack)","","","candy-lime-green-metal-flake-1","500","shopify","50","deny","manual","108.33","","TRUE","TRUE","","assets/images/flakes/fk-2183.jpg","1","","g","3926.90.97","GB"
"fk-2183","Candy Lime Green Metal Flake","","Flake King","Dry Metal Flake (Glitter)","Coast Europe, Flake King, Dry Metal Flake (Glitter)","TRUE","Size / Pack","100g Jar (Refill / Trade)","","","candy-lime-green-metal-flake-2","500","shopify","50","deny","manual","12.49","","TRUE","TRUE","","","","","g","3926.90.97","GB"
"fk-2183","Candy Lime Green Metal Flake","","Flake King","Dry Metal Flake (Glitter)","Coast Europe, Flake King, Dry Metal Flake (Glitter)","TRUE","Size / Pack","30g Jar (Gun Mount)","","","candy-lime-green-metal-flake-3","500","shopify","50","deny","manual","4.71","","TRUE","TRUE","","","","","g","3926.90.97","GB"
"fk-2172","Candy Peacock Metal Flake","<p>FKM24 Peacock Metal Flake. Available in .008″ & .015″<br/>If you are looking for pure commercial/industrial grade Glitters or Metal Flake that are specifically designed to meet the requirements of manufacturers of decorated fabrics, adhesives, vinyl, sheeting, plastic molding, inks, paints, in industries such as automotive, leisure, commercial properties, theme parks, marine. All of which require metal flake glitter with outstanding physical and chemical properties…<br/>Then you have come to the right company!<br/>Flake King Polyester Flake was specifically designed to meet the requirements of manufacturers of decorated fabrics, adhesives, vinyl, sheeting, plastic molding, inks, paints, in industries such as automotive, leisure, commercial properties, theme parks, marine and many more, all of which require metal flake glitter with outstanding physical and chemical properties.<br/>A full chart of colours can be found in the images.<br/>To learn more about the following products – guns, flake & surface binders please watch the video by clicking this link – Product Video</p>","Flake King","Dry Metal Flake (Glitter)","Coast Europe, Flake King, Dry Metal Flake (Glitter)","TRUE","Size / Pack","1000g (1 Kilo Trade Pack)","","","peacock-metal-flake-1","500","shopify","50","deny","manual","108.33","","TRUE","TRUE","","assets/images/flakes/fk-2172.jpg","1","","g","3926.90.97","GB"
"fk-2172","Candy Peacock Metal Flake","","Flake King","Dry Metal Flake (Glitter)","Coast Europe, Flake King, Dry Metal Flake (Glitter)","TRUE","Size / Pack","100g Jar (Refill / Trade)","","","peacock-metal-flake-2","500","shopify","50","deny","manual","12.49","","TRUE","TRUE","","","","","g","3926.90.97","GB"
"fk-2172","Candy Peacock Metal Flake","","Flake King","Dry Metal Flake (Glitter)","Coast Europe, Flake King, Dry Metal Flake (Glitter)","TRUE","Size / Pack","30g Jar (Gun Mount)","","","peacock-metal-flake-3","500","shopify","50","deny","manual","4.71","","TRUE","TRUE","","","","","g","3926.90.97","GB"
"fk-2158","Candy Purple Heart Metal Flake","<p>FKS14 Candy Purple Heart Metal Flake. Available in .004″, .008″ & .015″<br/>If you are looking for pure commercial/industrial grade Glitters or Metal Flake that are specifically designed to meet the requirements of manufacturers of decorated fabrics, adhesives, vinyl, sheeting, plastic molding, inks, paints, in industries such as automotive, leisure, commercial properties, theme parks, marine. All of which require metal flake glitter with outstanding physical and chemical properties…<br/>Then you have come to the right company!<br/>Flake King Polyester Flake was specifically designed to meet the requirements of manufacturers of decorated fabrics, adhesives, vinyl, sheeting, plastic molding, inks, paints, in industries such as automotive, leisure, commercial properties, theme parks, marine and many more, all of which require metal flake glitter with outstanding physical and chemical properties.<br/>A full chart of colours can be found in the images.<br/>To learn more about the following products – guns, flake & surface binders please watch the video by clicking this link – Product Video</p>","Flake King","Dry Metal Flake (Glitter)","Coast Europe, Flake King, Dry Metal Flake (Glitter)","TRUE","Size / Pack","1000g (1 Kilo Trade Pack)","","","candy-purple-heart-metal-flake-1","500","shopify","50","deny","manual","141.66","","TRUE","TRUE","","assets/images/flakes/fk-2158.jpg","1","","g","3926.90.97","GB"
"fk-2158","Candy Purple Heart Metal Flake","","Flake King","Dry Metal Flake (Glitter)","Coast Europe, Flake King, Dry Metal Flake (Glitter)","TRUE","Size / Pack","100g Jar (Refill / Trade)","","","candy-purple-heart-metal-flake-2","500","shopify","50","deny","manual","14.88","","TRUE","TRUE","","","","","g","3926.90.97","GB"
"fk-2158","Candy Purple Heart Metal Flake","","Flake King","Dry Metal Flake (Glitter)","Coast Europe, Flake King, Dry Metal Flake (Glitter)","TRUE","Size / Pack","30g Jar (Gun Mount)","","","candy-purple-heart-metal-flake-3","500","shopify","50","deny","manual","5.46","","TRUE","TRUE","","","","","g","3926.90.97","GB"
"fk-2147","Sky Purple Metal Flake","<p>FKM22 Sky Purple Metal Flake. Available in .008″ & .015″<br/>If you are looking for pure commercial/industrial grade Glitters or Metal Flake that are specifically designed to meet the requirements of manufacturers of decorated fabrics, adhesives, vinyl, sheeting, plastic molding, inks, paints, in industries such as automotive, leisure, commercial properties, theme parks, marine. All of which require metal flake glitter with outstanding physical and chemical properties…<br/>Then you have come to the right company!<br/>Flake King Polyester Flake was specifically designed to meet the requirements of manufacturers of decorated fabrics, adhesives, vinyl, sheeting, plastic molding, inks, paints, in industries such as automotive, leisure, commercial properties, theme parks, marine and many more, all of which require metal flake glitter with outstanding physical and chemical properties.<br/>A full chart of colours can be found in the images.<br/>To learn more about the following products – guns, flake & surface binders please watch the video by clicking this link – Product Video</p>","Flake King","Dry Metal Flake (Glitter)","Coast Europe, Flake King, Dry Metal Flake (Glitter)","TRUE","Size / Pack","1000g (1 Kilo Trade Pack)","","","sky-purple-metal-flake-1","500","shopify","50","deny","manual","108.33","","TRUE","TRUE","","assets/images/flakes/fk-2147.jpg","1","","g","3926.90.97","GB"
"fk-2147","Sky Purple Metal Flake","","Flake King","Dry Metal Flake (Glitter)","Coast Europe, Flake King, Dry Metal Flake (Glitter)","TRUE","Size / Pack","100g Jar (Refill / Trade)","","","sky-purple-metal-flake-2","500","shopify","50","deny","manual","12.49","","TRUE","TRUE","","","","","g","3926.90.97","GB"
"fk-2147","Sky Purple Metal Flake","","Flake King","Dry Metal Flake (Glitter)","Coast Europe, Flake King, Dry Metal Flake (Glitter)","TRUE","Size / Pack","30g Jar (Gun Mount)","","","sky-purple-metal-flake-3","500","shopify","50","deny","manual","4.71","","TRUE","TRUE","","","","","g","3926.90.97","GB"
"fk-2133","Candy Fewsha Metal Flake","<p>FKS11 Candy Fewsha Metal Flake. Available in .004′, .008″ & .015″<br/>If you are looking for pure commercial/industrial grade Glitters or Metal Flake that are specifically designed to meet the requirements of manufacturers of decorated fabrics, adhesives, vinyl, sheeting, plastic molding, inks, paints, in industries such as automotive, leisure, commercial properties, theme parks, marine. All of which require metal flake glitter with outstanding physical and chemical properties…<br/>Then you have come to the right company!<br/>Flake King Polyester Flake was specifically designed to meet the requirements of manufacturers of decorated fabrics, adhesives, vinyl, sheeting, plastic molding, inks, paints, in industries such as automotive, leisure, commercial properties, theme parks, marine and many more, all of which require metal flake glitter with outstanding physical and chemical properties.<br/>A full chart of colours can be found in the images.<br/>To learn more about the following products – guns, flake & surface binders please watch the video by clicking this link – Product Video</p>","Flake King","Dry Metal Flake (Glitter)","Coast Europe, Flake King, Dry Metal Flake (Glitter)","TRUE","Size / Pack","1000g (1 Kilo Trade Pack)","","","candy-fewsha-metal-flake-1","500","shopify","50","deny","manual","141.66","","TRUE","TRUE","","assets/images/flakes/fk-2133.jpg","1","","g","3926.90.97","GB"
"fk-2133","Candy Fewsha Metal Flake","","Flake King","Dry Metal Flake (Glitter)","Coast Europe, Flake King, Dry Metal Flake (Glitter)","TRUE","Size / Pack","100g Jar (Refill / Trade)","","","candy-fewsha-metal-flake-2","500","shopify","50","deny","manual","14.88","","TRUE","TRUE","","","","","g","3926.90.97","GB"
"fk-2133","Candy Fewsha Metal Flake","","Flake King","Dry Metal Flake (Glitter)","Coast Europe, Flake King, Dry Metal Flake (Glitter)","TRUE","Size / Pack","30g Jar (Gun Mount)","","","candy-fewsha-metal-flake-3","500","shopify","50","deny","manual","5.46","","TRUE","TRUE","","","","","g","3926.90.97","GB"
"fk-2122","Kromatic Lavender Metal Flake","<p>FKK08 Kromatic Lavender Metal Flake. Available in .008″ & .015″<br/>If you are looking for pure commercial/industrial grade Glitters or Metal Flake that are specifically designed to meet the requirements of manufacturers of decorated fabrics, adhesives, vinyl, sheeting, plastic molding, inks, paints, in industries such as automotive, leisure, commercial properties, theme parks, marine. All of which require metal flake glitter with outstanding physical and chemical properties…<br/>Then you have come to the right company!<br/>Flake King Polyester Flake was specifically designed to meet the requirements of manufacturers of decorated fabrics, adhesives, vinyl, sheeting, plastic molding, inks, paints, in industries such as automotive, leisure, commercial properties, theme parks, marine and many more, all of which require metal flake glitter with outstanding physical and chemical properties.<br/>A full chart of colours can be found in the images.<br/>To learn more about the following products – guns, flake & surface binders please watch the video by clicking this link – Product Video</p>","Flake King","Dry Metal Flake (Glitter)","Coast Europe, Flake King, Dry Metal Flake (Glitter)","TRUE","Size / Pack","1000g (1 Kilo Trade Pack)","","","kromatic-lavender-metal-flake-1","500","shopify","50","deny","manual","151.90","","TRUE","TRUE","","assets/images/flakes/fk-2122.jpg","1","","g","3926.90.97","GB"
"fk-2122","Kromatic Lavender Metal Flake","","Flake King","Dry Metal Flake (Glitter)","Coast Europe, Flake King, Dry Metal Flake (Glitter)","TRUE","Size / Pack","100g Jar (Refill / Trade)","","","kromatic-lavender-metal-flake-2","500","shopify","50","deny","manual","17.38","","TRUE","TRUE","","","","","g","3926.90.97","GB"
"fk-2122","Kromatic Lavender Metal Flake","","Flake King","Dry Metal Flake (Glitter)","Coast Europe, Flake King, Dry Metal Flake (Glitter)","TRUE","Size / Pack","30g Jar (Gun Mount)","","","kromatic-lavender-metal-flake-3","500","shopify","50","deny","manual","6.21","","TRUE","TRUE","","","","","g","3926.90.97","GB"
"fk-2111","Kromatic Bubble Gum Metal Flake","<p>FKK11 Kromatic Bubble Gum Metal Flake. Available in .008″ & .015″<br/>If you are looking for pure commercial/industrial grade Glitters or Metal Flake that are specifically designed to meet the requirements of manufacturers of decorated fabrics, adhesives, vinyl, sheeting, plastic molding, inks, paints, in industries such as automotive, leisure, commercial properties, theme parks, marine. All of which require metal flake glitter with outstanding physical and chemical properties…<br/>Then you have come to the right company!<br/>Flake King Polyester Flake was specifically designed to meet the requirements of manufacturers of decorated fabrics, adhesives, vinyl, sheeting, plastic molding, inks, paints, in industries such as automotive, leisure, commercial properties, theme parks, marine and many more, all of which require metal flake glitter with outstanding physical and chemical properties.<br/>A full chart of colours can be found in the images.<br/>To learn more about the following products – guns, flake & surface binders please watch the video by clicking this link – Product Video</p>","Flake King","Dry Metal Flake (Glitter)","Coast Europe, Flake King, Dry Metal Flake (Glitter)","TRUE","Size / Pack","1000g (1 Kilo Trade Pack)","","","kromatic-bubble-gum-metal-flake-1","500","shopify","50","deny","manual","151.90","","TRUE","TRUE","","assets/images/flakes/fk-2111.jpg","1","","g","3926.90.97","GB"
"fk-2111","Kromatic Bubble Gum Metal Flake","","Flake King","Dry Metal Flake (Glitter)","Coast Europe, Flake King, Dry Metal Flake (Glitter)","TRUE","Size / Pack","100g Jar (Refill / Trade)","","","kromatic-bubble-gum-metal-flake-2","500","shopify","50","deny","manual","17.38","","TRUE","TRUE","","","","","g","3926.90.97","GB"
"fk-2111","Kromatic Bubble Gum Metal Flake","","Flake King","Dry Metal Flake (Glitter)","Coast Europe, Flake King, Dry Metal Flake (Glitter)","TRUE","Size / Pack","30g Jar (Gun Mount)","","","kromatic-bubble-gum-metal-flake-3","500","shopify","50","deny","manual","6.21","","TRUE","TRUE","","","","","g","3926.90.97","GB"
"fk-2104","Candy Pink Metal Flake","<p>FKS12 Candy Pink Metal Flake. Available in .008″ & .015″<br/>If you are looking for pure commercial/industrial grade Glitters or Metal Flake that are specifically designed to meet the requirements of manufacturers of decorated fabrics, adhesives, vinyl, sheeting, plastic molding, inks, paints, in industries such as automotive, leisure, commercial properties, theme parks, marine. All of which require metal flake glitter with outstanding physical and chemical properties…<br/>Then you have come to the right company!<br/>Flake King Polyester Flake was specifically designed to meet the requirements of manufacturers of decorated fabrics, adhesives, vinyl, sheeting, plastic molding, inks, paints, in industries such as automotive, leisure, commercial properties, theme parks, marine and many more, all of which require metal flake glitter with outstanding physical and chemical properties.<br/>A full chart of colours can be found in the images.<br/>To learn more about the following products – guns, flake & surface binders please watch the video by clicking this link – Product Video</p>","Flake King","Dry Metal Flake (Glitter)","Coast Europe, Flake King, Dry Metal Flake (Glitter)","TRUE","Size / Pack","1000g (1 Kilo Trade Pack)","","","candy-pink-metal-flake-1","500","shopify","50","deny","manual","108.33","","TRUE","TRUE","","assets/images/flakes/fk-2104.jpg","1","","g","3926.90.97","GB"
"fk-2104","Candy Pink Metal Flake","","Flake King","Dry Metal Flake (Glitter)","Coast Europe, Flake King, Dry Metal Flake (Glitter)","TRUE","Size / Pack","100g Jar (Refill / Trade)","","","candy-pink-metal-flake-2","500","shopify","50","deny","manual","12.49","","TRUE","TRUE","","","","","g","3926.90.97","GB"
"fk-2104","Candy Pink Metal Flake","","Flake King","Dry Metal Flake (Glitter)","Coast Europe, Flake King, Dry Metal Flake (Glitter)","TRUE","Size / Pack","30g Jar (Gun Mount)","","","candy-pink-metal-flake-3","500","shopify","50","deny","manual","4.71","","TRUE","TRUE","","","","","g","3926.90.97","GB"
"fk-2097","Fire Purple Metal Flake","<p>FKM25 Fire Purple Metal Flake. Available in .008″ & .015″<br/>If you are looking for pure commercial/industrial grade Glitters or Metal Flake that are specifically designed to meet the requirements of manufacturers of decorated fabrics, adhesives, vinyl, sheeting, plastic molding, inks, paints, in industries such as automotive, leisure, commercial properties, theme parks, marine. All of which require metal flake glitter with outstanding physical and chemical properties…<br/>Then you have come to the right company!<br/>Flake King Polyester Flake was specifically designed to meet the requirements of manufacturers of decorated fabrics, adhesives, vinyl, sheeting, plastic molding, inks, paints, in industries such as automotive, leisure, commercial properties, theme parks, marine and many more, all of which require metal flake glitter with outstanding physical and chemical properties.<br/>A full chart of colours can be found in the images.<br/>To learn more about the following products – guns, flake & surface binders please watch the video by clicking this link – Product Video</p>","Flake King","Dry Metal Flake (Glitter)","Coast Europe, Flake King, Dry Metal Flake (Glitter)","TRUE","Size / Pack","1000g (1 Kilo Trade Pack)","","","fire-purple-metal-flake-1","500","shopify","50","deny","manual","108.33","","TRUE","TRUE","","assets/images/flakes/fk-2097.jpg","1","","g","3926.90.97","GB"
"fk-2097","Fire Purple Metal Flake","","Flake King","Dry Metal Flake (Glitter)","Coast Europe, Flake King, Dry Metal Flake (Glitter)","TRUE","Size / Pack","100g Jar (Refill / Trade)","","","fire-purple-metal-flake-2","500","shopify","50","deny","manual","12.49","","TRUE","TRUE","","","","","g","3926.90.97","GB"
"fk-2097","Fire Purple Metal Flake","","Flake King","Dry Metal Flake (Glitter)","Coast Europe, Flake King, Dry Metal Flake (Glitter)","TRUE","Size / Pack","30g Jar (Gun Mount)","","","fire-purple-metal-flake-3","500","shopify","50","deny","manual","4.71","","TRUE","TRUE","","","","","g","3926.90.97","GB"
"fk-2090","Kromatic Volcano Red Metal Flake","<p>FKK05 Kromatic Volcano Red Metal Flake. Available in .008″ & .015″<br/>If you are looking for pure commercial/industrial grade Glitters or Metal Flake that are specifically designed to meet the requirements of manufacturers of decorated fabrics, adhesives, vinyl, sheeting, plastic molding, inks, paints, in industries such as automotive, leisure, commercial properties, theme parks, marine. All of which require metal flake glitter with outstanding physical and chemical properties…<br/>Then you have come to the right company!<br/>Flake King Polyester Flake was specifically designed to meet the requirements of manufacturers of decorated fabrics, adhesives, vinyl, sheeting, plastic molding, inks, paints, in industries such as automotive, leisure, commercial properties, theme parks, marine and many more, all of which require metal flake glitter with outstanding physical and chemical properties.<br/>A full chart of colours can be found in the images.<br/>To learn more about the following products – guns, flake & surface binders please watch the video by clicking this link – Product Video</p>","Flake King","Dry Metal Flake (Glitter)","Coast Europe, Flake King, Dry Metal Flake (Glitter)","TRUE","Size / Pack","1000g (1 Kilo Trade Pack)","","","kromatic-volcano-red-metal-flake-1","500","shopify","50","deny","manual","151.90","","TRUE","TRUE","","assets/images/flakes/fk-2090.jpg","1","","g","3926.90.97","GB"
"fk-2090","Kromatic Volcano Red Metal Flake","","Flake King","Dry Metal Flake (Glitter)","Coast Europe, Flake King, Dry Metal Flake (Glitter)","TRUE","Size / Pack","100g Jar (Refill / Trade)","","","kromatic-volcano-red-metal-flake-2","500","shopify","50","deny","manual","17.38","","TRUE","TRUE","","","","","g","3926.90.97","GB"
"fk-2090","Kromatic Volcano Red Metal Flake","","Flake King","Dry Metal Flake (Glitter)","Coast Europe, Flake King, Dry Metal Flake (Glitter)","TRUE","Size / Pack","30g Jar (Gun Mount)","","","kromatic-volcano-red-metal-flake-3","500","shopify","50","deny","manual","6.21","","TRUE","TRUE","","","","","g","3926.90.97","GB"
"fk-2080","Candy Bright Red Metal Flake","<p>FKS10 Candy Bright Red Metal Flake. Available in .004′, .008″ & .015″<br/>If you are looking for pure commercial/industrial grade Glitters or Metal Flake that are specifically designed to meet the requirements of manufacturers of decorated fabrics, adhesives, vinyl, sheeting, plastic molding, inks, paints, in industries such as automotive, leisure, commercial properties, theme parks, marine. All of which require metal flake glitter with outstanding physical and chemical properties…<br/>Then you have come to the right company!<br/>Flake King Polyester Flake was specifically designed to meet the requirements of manufacturers of decorated fabrics, adhesives, vinyl, sheeting, plastic molding, inks, paints, in industries such as automotive, leisure, commercial properties, theme parks, marine and many more, all of which require metal flake glitter with outstanding physical and chemical properties.<br/>A full chart of colours can be found in the images.<br/>To learn more about the following products – guns, flake & surface binders please watch the video by clicking this link – Product Video</p>","Flake King","Dry Metal Flake (Glitter)","Coast Europe, Flake King, Dry Metal Flake (Glitter)","TRUE","Size / Pack","1000g (1 Kilo Trade Pack)","","","candy-bright-red-metal-flake-1","500","shopify","50","deny","manual","141.66","","TRUE","TRUE","","assets/images/flakes/fk-2080.jpg","1","","g","3926.90.97","GB"
"fk-2080","Candy Bright Red Metal Flake","","Flake King","Dry Metal Flake (Glitter)","Coast Europe, Flake King, Dry Metal Flake (Glitter)","TRUE","Size / Pack","100g Jar (Refill / Trade)","","","candy-bright-red-metal-flake-2","500","shopify","50","deny","manual","14.88","","TRUE","TRUE","","","","","g","3926.90.97","GB"
"fk-2080","Candy Bright Red Metal Flake","","Flake King","Dry Metal Flake (Glitter)","Coast Europe, Flake King, Dry Metal Flake (Glitter)","TRUE","Size / Pack","30g Jar (Gun Mount)","","","candy-bright-red-metal-flake-3","500","shopify","50","deny","manual","5.46","","TRUE","TRUE","","","","","g","3926.90.97","GB"
"fk-2070","Candy Apple Red Metal Flake","<p>FKS09 Candy Apple Red Metal Flake. Available in .004′, .008″ & .015″<br/>If you are looking for pure commercial/industrial grade Glitters or Metal Flake that are specifically designed to meet the requirements of manufacturers of decorated fabrics, adhesives, vinyl, sheeting, plastic molding, inks, paints, in industries such as automotive, leisure, commercial properties, theme parks, marine. All of which require metal flake glitter with outstanding physical and chemical properties…<br/>Then you have come to the right company!<br/>Flake King Polyester Flake was specifically designed to meet the requirements of manufacturers of decorated fabrics, adhesives, vinyl, sheeting, plastic molding, inks, paints, in industries such as automotive, leisure, commercial properties, theme parks, marine and many more, all of which require metal flake glitter with outstanding physical and chemical properties.<br/>A full chart of colours can be found in the images.<br/>To learn more about the following products – guns, flake & surface binders please watch the video by clicking this link – Product Video</p>","Flake King","Dry Metal Flake (Glitter)","Coast Europe, Flake King, Dry Metal Flake (Glitter)","TRUE","Size / Pack","1000g (1 Kilo Trade Pack)","","","candy-apple-red-metal-flake-1","500","shopify","50","deny","manual","141.66","","TRUE","TRUE","","assets/images/flakes/fk-2070.jpg","1","","g","3926.90.97","GB"
"fk-2070","Candy Apple Red Metal Flake","","Flake King","Dry Metal Flake (Glitter)","Coast Europe, Flake King, Dry Metal Flake (Glitter)","TRUE","Size / Pack","100g Jar (Refill / Trade)","","","candy-apple-red-metal-flake-2","500","shopify","50","deny","manual","14.88","","TRUE","TRUE","","","","","g","3926.90.97","GB"
"fk-2070","Candy Apple Red Metal Flake","","Flake King","Dry Metal Flake (Glitter)","Coast Europe, Flake King, Dry Metal Flake (Glitter)","TRUE","Size / Pack","30g Jar (Gun Mount)","","","candy-apple-red-metal-flake-3","500","shopify","50","deny","manual","5.46","","TRUE","TRUE","","","","","g","3926.90.97","GB"
"fk-2060","Candy Tangy Orange Metal Flake","<p>FKS08 Candy Tangy Orange Metal Flake. Available in .004′, .008″ & .015″<br/>If you are looking for pure commercial/industrial grade Glitters or Metal Flake that are specifically designed to meet the requirements of manufacturers of decorated fabrics, adhesives, vinyl, sheeting, plastic molding, inks, paints, in industries such as automotive, leisure, commercial properties, theme parks, marine. All of which require metal flake glitter with outstanding physical and chemical properties…<br/>Then you have come to the right company!<br/>Flake King Polyester Flake was specifically designed to meet the requirements of manufacturers of decorated fabrics, adhesives, vinyl, sheeting, plastic molding, inks, paints, in industries such as automotive, leisure, commercial properties, theme parks, marine and many more, all of which require metal flake glitter with outstanding physical and chemical properties.<br/>A full chart of colours can be found in the images.<br/>To learn more about the following products – guns, flake & surface binders please watch the video by clicking this link – Product Video</p>","Flake King","Dry Metal Flake (Glitter)","Coast Europe, Flake King, Dry Metal Flake (Glitter)","TRUE","Size / Pack","1000g (1 Kilo Trade Pack)","","","candy-tangy-orange-metal-flake-1","500","shopify","50","deny","manual","141.66","","TRUE","TRUE","","assets/images/flakes/fk-2060.jpg","1","","g","3926.90.97","GB"
"fk-2060","Candy Tangy Orange Metal Flake","","Flake King","Dry Metal Flake (Glitter)","Coast Europe, Flake King, Dry Metal Flake (Glitter)","TRUE","Size / Pack","100g Jar (Refill / Trade)","","","candy-tangy-orange-metal-flake-2","500","shopify","50","deny","manual","14.88","","TRUE","TRUE","","","","","g","3926.90.97","GB"
"fk-2060","Candy Tangy Orange Metal Flake","","Flake King","Dry Metal Flake (Glitter)","Coast Europe, Flake King, Dry Metal Flake (Glitter)","TRUE","Size / Pack","30g Jar (Gun Mount)","","","candy-tangy-orange-metal-flake-3","500","shopify","50","deny","manual","5.46","","TRUE","TRUE","","","","","g","3926.90.97","GB"
"fk-2053","Fizzy Green Metal Flake","<p>FKM23 Fizzy Green Metal Flake. Available in .008″ & .015″<br/>If you are looking for pure commercial/industrial grade Glitters or Metal Flake that are specifically designed to meet the requirements of manufacturers of decorated fabrics, adhesives, vinyl, sheeting, plastic molding, inks, paints, in industries such as automotive, leisure, commercial properties, theme parks, marine. All of which require metal flake glitter with outstanding physical and chemical properties…<br/>Then you have come to the right company!<br/>Flake King Polyester Flake was specifically designed to meet the requirements of manufacturers of decorated fabrics, adhesives, vinyl, sheeting, plastic molding, inks, paints, in industries such as automotive, leisure, commercial properties, theme parks, marine and many more, all of which require metal flake glitter with outstanding physical and chemical properties.<br/>A full chart of colours can be found in the images.<br/>To learn more about the following products – guns, flake & surface binders please watch the video by clicking this link – Product Video</p>","Flake King","Dry Metal Flake (Glitter)","Coast Europe, Flake King, Dry Metal Flake (Glitter)","TRUE","Size / Pack","1000g (1 Kilo Trade Pack)","","","fizzy-green-metal-flake-1","500","shopify","50","deny","manual","108.33","","TRUE","TRUE","","assets/images/flakes/fk-2053.jpg","1","","g","3926.90.97","GB"
"fk-2053","Fizzy Green Metal Flake","","Flake King","Dry Metal Flake (Glitter)","Coast Europe, Flake King, Dry Metal Flake (Glitter)","TRUE","Size / Pack","100g Jar (Refill / Trade)","","","fizzy-green-metal-flake-2","500","shopify","50","deny","manual","12.49","","TRUE","TRUE","","","","","g","3926.90.97","GB"
"fk-2053","Fizzy Green Metal Flake","","Flake King","Dry Metal Flake (Glitter)","Coast Europe, Flake King, Dry Metal Flake (Glitter)","TRUE","Size / Pack","30g Jar (Gun Mount)","","","fizzy-green-metal-flake-3","500","shopify","50","deny","manual","4.71","","TRUE","TRUE","","","","","g","3926.90.97","GB"
"fk-2043","Candy Extreme Yellow Metal Flake","<p>FKS07 Candy Extreme Yellow Metal Flake. Available in .004′, .008″ & .015″<br/>If you are looking for pure commercial/industrial grade Glitters or Metal Flake that are specifically designed to meet the requirements of manufacturers of decorated fabrics, adhesives, vinyl, sheeting, plastic molding, inks, paints, in industries such as automotive, leisure, commercial properties, theme parks, marine. All of which require metal flake glitter with outstanding physical and chemical properties…<br/>Then you have come to the right company!<br/>Flake King Polyester Flake was specifically designed to meet the requirements of manufacturers of decorated fabrics, adhesives, vinyl, sheeting, plastic molding, inks, paints, in industries such as automotive, leisure, commercial properties, theme parks, marine and many more, all of which require metal flake glitter with outstanding physical and chemical properties.<br/>A full chart of colours can be found in the images.<br/>To learn more about the following products – guns, flake & surface binders please watch the video by clicking this link – Product Video</p>","Flake King","Dry Metal Flake (Glitter)","Coast Europe, Flake King, Dry Metal Flake (Glitter)","TRUE","Size / Pack","1000g (1 Kilo Trade Pack)","","","candy-extreme-yellow-metal-flake-1","500","shopify","50","deny","manual","141.66","","TRUE","TRUE","","assets/images/flakes/fk-2043.jpg","1","","g","3926.90.97","GB"
"fk-2043","Candy Extreme Yellow Metal Flake","","Flake King","Dry Metal Flake (Glitter)","Coast Europe, Flake King, Dry Metal Flake (Glitter)","TRUE","Size / Pack","100g Jar (Refill / Trade)","","","candy-extreme-yellow-metal-flake-2","500","shopify","50","deny","manual","14.88","","TRUE","TRUE","","","","","g","3926.90.97","GB"
"fk-2043","Candy Extreme Yellow Metal Flake","","Flake King","Dry Metal Flake (Glitter)","Coast Europe, Flake King, Dry Metal Flake (Glitter)","TRUE","Size / Pack","30g Jar (Gun Mount)","","","candy-extreme-yellow-metal-flake-3","500","shopify","50","deny","manual","5.46","","TRUE","TRUE","","","","","g","3926.90.97","GB"
"fk-2036","Nevada Sands Metal Flake","<p>FKS06 Nevada Sands Metal Flake. Available in .008″ & .015″<br/>If you are looking for pure commercial/industrial grade Glitters or Metal Flake that are specifically designed to meet the requirements of manufacturers of decorated fabrics, adhesives, vinyl, sheeting, plastic molding, inks, paints, in industries such as automotive, leisure, commercial properties, theme parks, marine. All of which require metal flake glitter with outstanding physical and chemical properties…<br/>Then you have come to the right company!<br/>Flake King Polyester Flake was specifically designed to meet the requirements of manufacturers of decorated fabrics, adhesives, vinyl, sheeting, plastic molding, inks, paints, in industries such as automotive, leisure, commercial properties, theme parks, marine and many more, all of which require metal flake glitter with outstanding physical and chemical properties.<br/>A full chart of colours can be found in the images.<br/>To learn more about the following products – guns, flake & surface binders please watch the video by clicking this link – Product Video</p>","Flake King","Dry Metal Flake (Glitter)","Coast Europe, Flake King, Dry Metal Flake (Glitter)","TRUE","Size / Pack","1000g (1 Kilo Trade Pack)","","","nevada-sands-metal-flake-1","500","shopify","50","deny","manual","108.33","","TRUE","TRUE","","assets/images/flakes/fk-2036.jpg","1","","g","3926.90.97","GB"
"fk-2036","Nevada Sands Metal Flake","","Flake King","Dry Metal Flake (Glitter)","Coast Europe, Flake King, Dry Metal Flake (Glitter)","TRUE","Size / Pack","100g Jar (Refill / Trade)","","","nevada-sands-metal-flake-2","500","shopify","50","deny","manual","12.49","","TRUE","TRUE","","","","","g","3926.90.97","GB"
"fk-2036","Nevada Sands Metal Flake","","Flake King","Dry Metal Flake (Glitter)","Coast Europe, Flake King, Dry Metal Flake (Glitter)","TRUE","Size / Pack","30g Jar (Gun Mount)","","","nevada-sands-metal-flake-3","500","shopify","50","deny","manual","4.71","","TRUE","TRUE","","","","","g","3926.90.97","GB"
"fk-2029","Kromatic Copper Head Metal Flake","<p>FKK03 Kromatic Copper Head Metal Flake. Available in .008″ & .015″<br/>If you are looking for pure commercial/industrial grade Glitters or Metal Flake that are specifically designed to meet the requirements of manufacturers of decorated fabrics, adhesives, vinyl, sheeting, plastic molding, inks, paints, in industries such as automotive, leisure, commercial properties, theme parks, marine. All of which require metal flake glitter with outstanding physical and chemical properties…<br/>Then you have come to the right company!<br/>Flake King Polyester Flake was specifically designed to meet the requirements of manufacturers of decorated fabrics, adhesives, vinyl, sheeting, plastic molding, inks, paints, in industries such as automotive, leisure, commercial properties, theme parks, marine and many more, all of which require metal flake glitter with outstanding physical and chemical properties.<br/>A full chart of colours can be found in the images.<br/>To learn more about the following products – guns, flake & surface binders please watch the video by clicking this link – Product Video</p>","Flake King","Dry Metal Flake (Glitter)","Coast Europe, Flake King, Dry Metal Flake (Glitter)","TRUE","Size / Pack","1000g (1 Kilo Trade Pack)","","","kromatic-copper-head-metal-flake-1","500","shopify","50","deny","manual","151.90","","TRUE","TRUE","","assets/images/flakes/fk-2029.jpg","1","","g","3926.90.97","GB"
"fk-2029","Kromatic Copper Head Metal Flake","","Flake King","Dry Metal Flake (Glitter)","Coast Europe, Flake King, Dry Metal Flake (Glitter)","TRUE","Size / Pack","100g Jar (Refill / Trade)","","","kromatic-copper-head-metal-flake-2","500","shopify","50","deny","manual","17.38","","TRUE","TRUE","","","","","g","3926.90.97","GB"
"fk-2029","Kromatic Copper Head Metal Flake","","Flake King","Dry Metal Flake (Glitter)","Coast Europe, Flake King, Dry Metal Flake (Glitter)","TRUE","Size / Pack","30g Jar (Gun Mount)","","","kromatic-copper-head-metal-flake-3","500","shopify","50","deny","manual","6.21","","TRUE","TRUE","","","","","g","3926.90.97","GB"
"fk-2022","Candy Copper Head Metal Flake","<p>FKS05 Candy Copper Head Metal Flake. Available in .008″ & .015″<br/>If you are looking for pure commercial/industrial grade Glitters or Metal Flake that are specifically designed to meet the requirements of manufacturers of decorated fabrics, adhesives, vinyl, sheeting, plastic molding, inks, paints, in industries such as automotive, leisure, commercial properties, theme parks, marine. All of which require metal flake glitter with outstanding physical and chemical properties…<br/>Then you have come to the right company!<br/>Flake King Polyester Flake was specifically designed to meet the requirements of manufacturers of decorated fabrics, adhesives, vinyl, sheeting, plastic molding, inks, paints, in industries such as automotive, leisure, commercial properties, theme parks, marine and many more, all of which require metal flake glitter with outstanding physical and chemical properties.<br/>A full chart of colours can be found in the images.<br/>To learn more about the following products – guns, flake & surface binders please watch the video by clicking this link – Product Video</p>","Flake King","Dry Metal Flake (Glitter)","Coast Europe, Flake King, Dry Metal Flake (Glitter)","TRUE","Size / Pack","1000g (1 Kilo Trade Pack)","","","candy-copper-head-metal-flake-1","500","shopify","50","deny","manual","108.33","","TRUE","TRUE","","assets/images/flakes/fk-2022.jpg","1","","g","3926.90.97","GB"
"fk-2022","Candy Copper Head Metal Flake","","Flake King","Dry Metal Flake (Glitter)","Coast Europe, Flake King, Dry Metal Flake (Glitter)","TRUE","Size / Pack","100g Jar (Refill / Trade)","","","candy-copper-head-metal-flake-2","500","shopify","50","deny","manual","12.49","","TRUE","TRUE","","","","","g","3926.90.97","GB"
"fk-2022","Candy Copper Head Metal Flake","","Flake King","Dry Metal Flake (Glitter)","Coast Europe, Flake King, Dry Metal Flake (Glitter)","TRUE","Size / Pack","30g Jar (Gun Mount)","","","candy-copper-head-metal-flake-3","500","shopify","50","deny","manual","4.71","","TRUE","TRUE","","","","","g","3926.90.97","GB"
"fk-2015","Candy Righteous Gold Metal Flake","<p>FKS04 Candy Righteous Gold Metal Flake. Available in .008″ & .015″<br/>If you are looking for pure commercial/industrial grade Glitters or Metal Flake that are specifically designed to meet the requirements of manufacturers of decorated fabrics, adhesives, vinyl, sheeting, plastic molding, inks, paints, in industries such as automotive, leisure, commercial properties, theme parks, marine. All of which require metal flake glitter with outstanding physical and chemical properties…<br/>Then you have come to the right company!<br/>Flake King Polyester Flake was specifically designed to meet the requirements of manufacturers of decorated fabrics, adhesives, vinyl, sheeting, plastic molding, inks, paints, in industries such as automotive, leisure, commercial properties, theme parks, marine and many more, all of which require metal flake glitter with outstanding physical and chemical properties.<br/>A full chart of colours can be found in the images.<br/>To learn more about the following products – guns, flake & surface binders please watch the video by clicking this link – Product Video</p>","Flake King","Dry Metal Flake (Glitter)","Coast Europe, Flake King, Dry Metal Flake (Glitter)","TRUE","Size / Pack","1000g (1 Kilo Trade Pack)","","","candy-righteous-gold-metal-flake-1","500","shopify","50","deny","manual","108.33","","TRUE","TRUE","","assets/images/flakes/fk-2015.jpg","1","","g","3926.90.97","GB"
"fk-2015","Candy Righteous Gold Metal Flake","","Flake King","Dry Metal Flake (Glitter)","Coast Europe, Flake King, Dry Metal Flake (Glitter)","TRUE","Size / Pack","100g Jar (Refill / Trade)","","","candy-righteous-gold-metal-flake-2","500","shopify","50","deny","manual","12.49","","TRUE","TRUE","","","","","g","3926.90.97","GB"
"fk-2015","Candy Righteous Gold Metal Flake","","Flake King","Dry Metal Flake (Glitter)","Coast Europe, Flake King, Dry Metal Flake (Glitter)","TRUE","Size / Pack","30g Jar (Gun Mount)","","","candy-righteous-gold-metal-flake-3","500","shopify","50","deny","manual","4.71","","TRUE","TRUE","","","","","g","3926.90.97","GB"
"fk-2005","Candy Sovereign Gold Metal Flake","<p>FKS03 Sovereign Gold Metal Flake. Available in .004″, .008″ & .015″<br/>If you are looking for pure commercial/industrial grade Glitters or Metal Flake that are specifically designed to meet the requirements of manufacturers of decorated fabrics, adhesives, vinyl, sheeting, plastic molding, inks, paints, in industries such as automotive, leisure, commercial properties, theme parks, marine. All of which require metal flake glitter with outstanding physical and chemical properties…<br/>Then you have come to the right company!<br/>Flake King Polyester Flake was specifically designed to meet the requirements of manufacturers of decorated fabrics, adhesives, vinyl, sheeting, plastic molding, inks, paints, in industries such as automotive, leisure, commercial properties, theme parks, marine and many more, all of which require metal flake glitter with outstanding physical and chemical properties.<br/>A full chart of colours can be found in the images.<br/>To learn more about the following products – guns, flake & surface binders please watch the video by clicking this link – Product Video</p>","Flake King","Dry Metal Flake (Glitter)","Coast Europe, Flake King, Dry Metal Flake (Glitter)","TRUE","Size / Pack","1000g (1 Kilo Trade Pack)","","","candy-sovereign-gold-metal-flake-1","500","shopify","50","deny","manual","141.66","","TRUE","TRUE","","assets/images/flakes/fk-2005.jpg","1","","g","3926.90.97","GB"
"fk-2005","Candy Sovereign Gold Metal Flake","","Flake King","Dry Metal Flake (Glitter)","Coast Europe, Flake King, Dry Metal Flake (Glitter)","TRUE","Size / Pack","100g Jar (Refill / Trade)","","","candy-sovereign-gold-metal-flake-2","500","shopify","50","deny","manual","12.49","","TRUE","TRUE","","","","","g","3926.90.97","GB"
"fk-2005","Candy Sovereign Gold Metal Flake","","Flake King","Dry Metal Flake (Glitter)","Coast Europe, Flake King, Dry Metal Flake (Glitter)","TRUE","Size / Pack","30g Jar (Gun Mount)","","","candy-sovereign-gold-metal-flake-3","500","shopify","50","deny","manual","5.46","","TRUE","TRUE","","","","","g","3926.90.97","GB"
"fk-1992","Candy Elvis Gold Metal Flake","<p>FKS02 Elvis Gold Metal Flake. Available in .002″, .004″, .008″ & .015″<br/>If you are looking for pure commercial/industrial grade Glitters or Metal Flake that are specifically designed to meet the requirements of manufacturers of decorated fabrics, adhesives, vinyl, sheeting, plastic molding, inks, paints, in industries such as automotive, leisure, commercial properties, theme parks, marine. All of which require metal flake glitter with outstanding physical and chemical properties…<br/>Then you have come to the right company!<br/>Flake King Polyester Flake was specifically designed to meet the requirements of manufacturers of decorated fabrics, adhesives, vinyl, sheeting, plastic molding, inks, paints, in industries such as automotive, leisure, commercial properties, theme parks, marine and many more, all of which require metal flake glitter with outstanding physical and chemical properties.<br/>A full chart of colours can be found in the images.<br/>To learn more about the following products – guns, flake & surface binders please watch the video by clicking this link – Product Video</p>","Flake King","Dry Metal Flake (Glitter)","Coast Europe, Flake King, Dry Metal Flake (Glitter)","TRUE","Size / Pack","1000g (1 Kilo Trade Pack)","","","candy-elvis-gold-metal-flake-1","500","shopify","50","deny","manual","333.33","","TRUE","TRUE","","assets/images/flakes/fk-1992.jpg","1","","g","3926.90.97","GB"
"fk-1992","Candy Elvis Gold Metal Flake","","Flake King","Dry Metal Flake (Glitter)","Coast Europe, Flake King, Dry Metal Flake (Glitter)","TRUE","Size / Pack","100g Jar (Refill / Trade)","","","candy-elvis-gold-metal-flake-2","500","shopify","50","deny","manual","33.63","","TRUE","TRUE","","","","","g","3926.90.97","GB"
"fk-1992","Candy Elvis Gold Metal Flake","","Flake King","Dry Metal Flake (Glitter)","Coast Europe, Flake King, Dry Metal Flake (Glitter)","TRUE","Size / Pack","30g Jar (Gun Mount)","","","candy-elvis-gold-metal-flake-3","500","shopify","50","deny","manual","11.08","","TRUE","TRUE","","","","","g","3926.90.97","GB"
"fk-1972","Flake King 1050 Dry Metal Flake Gun","<p>The Flake King 1050 is designed for heavy-duty dry powder and coarse metallic flake distribution. Machined from aircraft-grade billet aluminium with hard anodising, it features an enlarged internal pick-up tube engineered to spray larger flake grades and heavy powders smoothly at 10–20 PSI.</p>","Flake King","Dry Metal Flake Guns","Coast Europe, Flake King, Dry Metal Flake Guns","TRUE","Title","Default Title","","","FOM1050","500","shopify","50","deny","manual","108.33","","TRUE","TRUE","5060733583138","https://i0.wp.com/www.flakeking.com/wp-content/uploads/2020/06/FOM10501.png?fit=600%2C600&ssl=1","1","","g","8424.20.00","GB"
"fk-1970","Flake King 550 Mini Dry Metal Flake Gun","<p>The Flake King 550 Mini is a scaled-down version of the 1000 gun engineered specifically to operate from studio airbrush compressors. Ideal for helmets, skateboards, bikes, and small automotive components. Allows you to apply wet clear with your airbrush and instantly apply dry flake with the 550 Mini without changing setups.</p>","Flake King","Dry Metal Flake Guns","Coast Europe, Flake King, Dry Metal Flake Guns","TRUE","Title","Default Title","","","FOM550","500","shopify","50","deny","manual","99.99","","TRUE","TRUE","5060733580069","https://i0.wp.com/www.flakeking.com/wp-content/uploads/2020/06/FOM5501.png?fit=600%2C600&ssl=1","1","","g","8424.20.00","GB"
"va-635","VsionAir Ice Hockey Goalie Mask Jig (VAX-JG-GLMSK)","<p>VsionAir Ice Hockey Goalie Mask Jig<br/>The jig allows you to adjust and lock the mask into any position making it extremely comfortable to work on. It also comes with a VFrame extension that enables you to apply a 2”/50mm washer to the inside of the rear head protection plate using either masking tape or hot glue and and then place it on a strong mounted Neodymium magnet to the position it would be on a persons head. Making it perfect for lining up artwork and graphics.<br/>The perfect Jig for every aspect of painting from prep. base coating, flaking, clear coating and apply your pinstripe, leafing and art work suitable for airbrush, marker, and normal brushwork to every side including the top.</p>","VsionAir","Work-Holding Jigs","Coast Europe, VsionAir, Work-Holding Jigs","TRUE","Title","Default Title","","","VAX-JG-GLMSK","500","shopify","50","deny","manual","110.39","","TRUE","TRUE","","https://vsionair.com/wp-content/uploads/2021/10/VAX-JG-GLMSK-Goalie-Mask-Jig-Render-1.jpg","1","","g","8479.89.97","GB"
"va-627","VAX Lighting, Camera & Dual Vertical Tool Bar Rig 1.5m (VAX-LCT-RIG-1500)","<p>The VsioAir Lighting, Camera & Vertical Tool Bar Rig, is designed to provide you with the physical structure to mount lighting, cameras and any of our accessories directly to it. It bolts to the horizontal tool bar and with the use of the IABS Brackets enables you to angle the vertical bars from directly above to 90 degrees behind the work area. This is a real game changer to your work area – you’ll be amazed at what you can mount to this.<br/>It mounts to both our Desk Mount Stand and our Tripod Stand (via our VsionAir Tool Bar). Available in 3 Widths 1m, 1.2m & 1.5m<br/>To download the assembly instructions please click on link<br/>To download the packing list please click on link</p>","VsionAir","Tool Bars & Lighting Rigs","Coast Europe, VsionAir, Tool Bars & Lighting Rigs","TRUE","Title","Default Title","","","VAX-LCT-RIG-1200-1","500","shopify","50","deny","manual","143.99","","TRUE","TRUE","","https://vsionair.com/wp-content/uploads/2021/05/1000mm_x_1200mm_Vertical_Tool_Bars__Lighting_Camera_Rig_Reworked.png","1","","g","7616.99.90","GB"
"va-494","VsionAir tm Canvass Jig 1000mm Spine (VAX-JG-CNVSS-1000)","<p>Our Canvass jigs are ideal for holding canvasses this jig can hold up to 900mm high.<br/>The top & bottom VFrame acts as a toolbar mount as well.<br/>We can special build Easels using our Canvass Jigs and Tri-Stands to create Easels that will hold a canvass of up to 2.5mm high by what ever width you require.<br/>To download a copy of the assembly drawing please click here<br/>To download a copy of the packing list please click here</p>","VsionAir","Work-Holding Jigs","Coast Europe, VsionAir, Work-Holding Jigs","TRUE","Title","Default Title","","","VAX-JG-CNVSS-1500-1","500","shopify","50","deny","manual","119.99","","TRUE","TRUE","","https://vsionair.com/wp-content/uploads/2021/05/VAX-CNVSS-Canvass-Jig-Reworked.png","1","","g","8479.89.97","GB"
"va-463","VAX-6W-KNB-M VsionAir M6 Wing Knob Male","<p>VAX-6W-KNB-M VsionAir M6 Wing Knob Male</p>","VsionAir","Fixings, Knobs & Hardware","Coast Europe, VsionAir, Fixings, Knobs & Hardware","TRUE","Title","Default Title","","","VAX-6W-KNB-M","500","shopify","50","deny","manual","2.87","","TRUE","TRUE","","https://vsionair.com/wp-content/uploads/2021/06/VAX-6W-KNB-M-M6-Male-Wing-Knob-Render-Web.png","1","","g","7318.15.95","GB"
"va-462","VAX-10-WSHR VsionAir M10 Washer for Desk Mount","<p>VAX-10-WSHR VsionAir M10 Washer for Desk Mount</p>","VsionAir","Fixings, Knobs & Hardware","Coast Europe, VsionAir, Fixings, Knobs & Hardware","TRUE","Title","Default Title","","","VAX-10-WSHR","500","shopify","50","deny","manual","0.24","","TRUE","TRUE","","https://vsionair.com/wp-content/uploads/2021/06/VAX-6WSHR-M6-Washer-Render-Web.png","1","","g","8479.89.97","GB"
"va-460","VAX-10-CB-100 VsionAir M10 x 100mm Coach Bolt for Desk Top Mount","<p>VAX-10-CB-100 VsionAir M10 x 100mm Coach Bolt for Desk Top Mount</p>","VsionAir","Fixings, Knobs & Hardware","Coast Europe, VsionAir, Fixings, Knobs & Hardware","TRUE","Title","Default Title","","","VAX-10-CB-100","500","shopify","50","deny","manual","2.87","","TRUE","TRUE","","https://vsionair.com/wp-content/uploads/2021/06/VAX-10-CB-100-M10-Coach-Bolt-Render-Web.png","1","","g","8479.89.97","GB"
"va-459","VAX-10STR-KNB-F VsionAir M10 Star Knob for Desk Mount","<p>VAX-10W-KNB-F VsionAir M10 Star Knob for Desk Mount Replacement Knob</p>","VsionAir","Fixings, Knobs & Hardware","Coast Europe, VsionAir, Fixings, Knobs & Hardware","TRUE","Title","Default Title","","","VAX-10STR-KNB-F","500","shopify","50","deny","manual","7.19","","TRUE","TRUE","","https://vsionair.com/wp-content/uploads/2021/06/VAX-6STR-KNB-F-Render-Web.png","1","","g","8479.89.97","GB"
"va-458","VAX-620-CLMP VsionAir M6 Clamping Handle","<p>VAX-620-CLMP VsionAir M6 Clamping Handle</p>","VsionAir","Fixings, Knobs & Hardware","Coast Europe, VsionAir, Fixings, Knobs & Hardware","TRUE","Title","Default Title","","","VAX-620-CLMP","500","shopify","50","deny","manual","9.59","","TRUE","TRUE","","https://vsionair.com/wp-content/uploads/2021/06/VAX-630-CLMP-M6-Clamp-Handle-Render-Web.png","1","","g","7318.15.95","GB"
"va-454","VAX-6W-KNB-F VsionAir M6 Wing Knob Female","<p>VAX-6W-KNB-F VsionAir M6 Wing Knob Female</p>","VsionAir","Fixings, Knobs & Hardware","Coast Europe, VsionAir, Fixings, Knobs & Hardware","TRUE","Title","Default Title","","","VAX-6W-KNB-F","500","shopify","50","deny","manual","4.79","","TRUE","TRUE","","https://vsionair.com/wp-content/uploads/2021/06/VAX-6W-KNB-F-Web.png","1","","g","7318.15.95","GB"
"va-453","VAX-6R-WASHR-10 VsionAir M6 Rubber Washer 10 Pack","<p>VAX-6R-WASHR-10 VsionAir M6 Rubber Washer 10 Pack</p>","VsionAir","Fixings, Knobs & Hardware","Coast Europe, VsionAir, Fixings, Knobs & Hardware","TRUE","Title","Default Title","","","VAX-6R-WSHR-10","500","shopify","50","deny","manual","5.39","","TRUE","TRUE","","https://vsionair.com/wp-content/uploads/2021/06/VAX-6WSHR-RBR-M6-Rubber-Washer-Render-Web.png","1","","g","7318.15.95","GB"
"va-452","VAX-6S-WASHR-10 VsionAir M6 Washer 10 Pack","<p>VAX-6S-WASHR-10 VsionAir M6 Washer 10 Pack</p>","VsionAir","Fixings, Knobs & Hardware","Coast Europe, VsionAir, Fixings, Knobs & Hardware","TRUE","Title","Default Title","","","VAX-6s-WSHR","500","shopify","50","deny","manual","0.71","","TRUE","TRUE","","https://vsionair.com/wp-content/uploads/2021/06/VAX-6WSHR-M6-Washer-Render-Web.png","1","","g","7318.15.95","GB"
"va-451","VAX-6Nyloc VsionAir M6 Nylon Lock Nut 10 Pack","<p>VAX-6Nyloc VsionAir M6 Nylon Lock Nut. Pack of 10</p>","VsionAir","Fixings, Knobs & Hardware","Coast Europe, VsionAir, Fixings, Knobs & Hardware","TRUE","Title","Default Title","","","VAX-6Nyloc-10","500","shopify","50","deny","manual","1.91","","TRUE","TRUE","","https://vsionair.com/wp-content/uploads/2021/06/VAX-6Nyloc-M6-Nyloc-Nut-Render-Web-1.png","1","","g","7318.15.95","GB"
"va-450","VAX-6HN-10 VsionAir M6 Half Nut 10 Pack","<p>VAX-6HN-10 VsionAir M6 Half Nut 10 Pack, our standard nut for all Vframe mounts where the Flange Head Machine Screws are used.</p>","VsionAir","Fixings, Knobs & Hardware","Coast Europe, VsionAir, Fixings, Knobs & Hardware","TRUE","Title","Default Title","","","VA-450","500","shopify","50","deny","manual","0.72","","TRUE","TRUE","","https://vsionair.com/wp-content/uploads/2021/06/VAX-6HN-M6-Half-Nut-Render-Web.png","1","","g","7318.15.95","GB"
"va-448","VAX-6CSH-8-10 VsionAir M6 x 8mm Countersunk Pozi Head Machine Screw 10 Pack","<p>VAX-6CSH-8-10 VsionAir M6 x 8mm Countersunk Pozi Head Machine Screw 10 Pack Used in our Height Adjuster</p>","VsionAir","Fixings, Knobs & Hardware","Coast Europe, VsionAir, Fixings, Knobs & Hardware","TRUE","Title","Default Title","","","VA-448","500","shopify","50","deny","manual","1.19","","TRUE","TRUE","","https://vsionair.com/wp-content/uploads/2021/06/Countersunk-MC-Screw-Render-Web.png","1","","g","7318.15.95","GB"
"va-447","VAX-6H-60-10  VsionAir M6 x 60mm Hex Head Machine Screw, 10 Pack","<p>VAX-6H-60-10 VsionAir M6 x 60mm Hex Head Machine Screw, 10 Pack</p>","VsionAir","Fixings, Knobs & Hardware","Coast Europe, VsionAir, Fixings, Knobs & Hardware","TRUE","Title","Default Title","","","VAX-6H-60-10","500","shopify","50","deny","manual","2.16","","TRUE","TRUE","","https://vsionair.com/wp-content/uploads/2021/06/Hex-Head-Bolt-Render-Web.png","1","","g","7318.15.95","GB"
"va-446","VAX-6H-35-10  VsionAir M6 x 35mm Hex Head Machine Screw, 10 Pack","<p>VAX-6H-35-10 VsionAir M6 x 35mm Hex Head Machine Screw, 10 Pack</p>","VsionAir","Fixings, Knobs & Hardware","Coast Europe, VsionAir, Fixings, Knobs & Hardware","TRUE","Title","Default Title","","","VAX-6H-35-10","500","shopify","50","deny","manual","1.19","","TRUE","TRUE","","https://vsionair.com/wp-content/uploads/2021/06/Hex-Head-Bolt-Render-Web.png","1","","g","7318.15.95","GB"
"va-445","VAX-6H-16-10  VsionAir M6 x 16mm Hex Head Machine Screw, 10 Pack","<p>VAX-6H-16-10 VsionAir M6 x 16mm Hex Head Machine Screw, 10 Pack</p>","VsionAir","Fixings, Knobs & Hardware","Coast Europe, VsionAir, Fixings, Knobs & Hardware","TRUE","Title","Default Title","","","VAX-6H-16-10","500","shopify","50","deny","manual","1.19","","TRUE","TRUE","","https://vsionair.com/wp-content/uploads/2021/06/Hex-Head-Bolt-Render-Web.png","1","","g","7318.15.95","GB"
"va-444","VAX-6FH-12-10 VsionAir M6 x 12mm Flange Head Machine Screw Pack of 10","<p>VAX-6FH-12-10 VsionAir M6 x 8mm Flange Head Machine Screw.<br/>Pack of 10</p>","VsionAir","Fixings, Knobs & Hardware","Coast Europe, VsionAir, Fixings, Knobs & Hardware","TRUE","Title","Default Title","","","VAX-6FH-10-10-1","500","shopify","50","deny","manual","2.88","","TRUE","TRUE","","https://vsionair.com/wp-content/uploads/2021/06/Flange-Head-Machine-Screw-Render-Web.png","1","","g","7318.15.95","GB"
"va-443","VAX-6FH-10-10 VsionAir M6 x 10mm Flange Head Machine Screw Pack of 10","<p>VAX-6FH-10-10 VsionAir M6 x 8mm Flange Head Machine Screw.<br/>Pack of 10</p>","VsionAir","Fixings, Knobs & Hardware","Coast Europe, VsionAir, Fixings, Knobs & Hardware","TRUE","Title","Default Title","","","VAX-6FH-10-10","500","shopify","50","deny","manual","2.88","","TRUE","TRUE","","https://vsionair.com/wp-content/uploads/2021/06/Flange-Head-Machine-Screw-Render-Web.png","1","","g","7318.15.95","GB"
"va-442","VAX-6FH-8-10 VsionAir M6 x 8mm Flange Head Machine Screw Pack of 10","<p>VAX-6FH-8-10 VsionAir M6 x 8mm Flange Head Machine Screw.<br/>Pack of 10</p>","VsionAir","Fixings, Knobs & Hardware","Coast Europe, VsionAir, Fixings, Knobs & Hardware","TRUE","Title","Default Title","","","VAX-6FH-8-10","500","shopify","50","deny","manual","2.88","","TRUE","TRUE","","https://vsionair.com/wp-content/uploads/2021/06/Flange-Head-Machine-Screw-Render-Web.png","1","","g","7318.15.95","GB"
"va-440","VAX-4Nyloc VsionAir M4 Nylon Lock Nut","<p>VAX-4Nyloc VsionAir M4 Nylon Lock Nut. Pack of 10</p>","VsionAir","Fixings, Knobs & Hardware","Coast Europe, VsionAir, Fixings, Knobs & Hardware","TRUE","Title","Default Title","","","VAX-4Nyloc-10","500","shopify","50","deny","manual","1.91","","TRUE","TRUE","","https://vsionair.com/wp-content/uploads/2021/06/VAX-6Nyloc-M6-Nyloc-Nut-Render-Web-1.png","1","","g","7318.15.95","GB"
"va-439","VAX-4-FH-8 VsionAir M4 x 8mm Flange Head Machine Screw","<p>VAX-4-FH-8 VsionAir M4 x 8mm Flange Head Machine Screw – typically used for mounting “Clipboard Clip” to Universal Mount Holder.<br/>Pack of 10</p>","VsionAir","Fixings, Knobs & Hardware","Coast Europe, VsionAir, Fixings, Knobs & Hardware","TRUE","Title","Default Title","","","VAX-4FH-8-10","500","shopify","50","deny","manual","1.19","","TRUE","TRUE","","https://vsionair.com/wp-content/uploads/2021/06/Flange-Head-Machine-Screw-Render-Web.png","1","","g","7318.15.95","GB"
"va-438","VAX-END-STP VsionAir End Stop Bracket","<p>VAX-END-STP VsionAir End Stop Bracket this little bracket has many applications.</p>","VsionAir","Fixings, Knobs & Hardware","Coast Europe, VsionAir, Fixings, Knobs & Hardware","TRUE","Title","Default Title","","","VAX-END-STP","500","shopify","50","deny","manual","3.59","","TRUE","TRUE","","https://vsionair.com/wp-content/uploads/2021/06/VAX-END-STP-Render-Web.png","1","","g","7318.15.95","GB"
"va-437","VAX-50-BRKT 50mm x 90 Degree Bracket","<p>VAX-50-BRKT 50mm x 90 Degree Bracket used in many jigs and assemblies.</p>","VsionAir","Fixings, Knobs & Hardware","Coast Europe, VsionAir, Fixings, Knobs & Hardware","TRUE","Title","Default Title","","","VAX-50-BRKT","500","shopify","50","deny","manual","5.99","","TRUE","TRUE","","https://vsionair.com/wp-content/uploads/2021/06/VAX-5090-Render-Web.png","1","","g","7318.15.95","GB"
"va-436","VAX-25-BRKT 25mm x 90 Degree Bracket","<p>VAX-25-BRKT 25mm x 90 Degree Bracket used in many jigs and assemblies.</p>","VsionAir","Fixings, Knobs & Hardware","Coast Europe, VsionAir, Fixings, Knobs & Hardware","TRUE","Title","Default Title","","","VAX-25-BRKT","500","shopify","50","deny","manual","4.79","","TRUE","TRUE","","https://vsionair.com/wp-content/uploads/2021/06/VAX-2590-Render-Web.png","1","","g","7318.15.95","GB"
"va-435","VAX-IAB-BRKT VsionAir IABS Bracket","<p>VAX-IAB-BRKT VsionAir IABS Bracket is used with all our (IABS) Independent Airbrush Stations and Jig.<br/>Another versatile bracket that we’re sure you’ll find many uses for.</p>","VsionAir","Fixings, Knobs & Hardware","Coast Europe, VsionAir, Fixings, Knobs & Hardware","TRUE","Title","Default Title","","","VAX-IABS-BRKT","500","shopify","50","deny","manual","7.19","","TRUE","TRUE","","https://vsionair.com/wp-content/uploads/2021/06/IABS-Bracket-Render-Web.png","1","","g","7318.15.95","GB"
"va-434","VAX-VBRKT VsionAir V Bracket","<p>Our V Bracket is one of the most versatile brackets that we have designed. it is used in many of our jigs and assemblies.</p>","VsionAir","Fixings, Knobs & Hardware","Coast Europe, VsionAir, Fixings, Knobs & Hardware","TRUE","Title","Default Title","","","VAX-VBRKT","500","shopify","50","deny","manual","5.39","","TRUE","TRUE","","https://vsionair.com/wp-content/uploads/2021/06/VAX-V-BRKT-Web-Render.png","1","","g","7318.15.95","GB"
"va-353","VsionAir Multi Function Holder (VAX-TM-M-SS)","<p>https://youtu.be/szjxjaqZPlk<br/>We know that keeping hydrated and relaxed helps the creative juices flowing. So again we’ve thought about how we can help with that.   <br/>We designed a universal mount that holds smart speakers, mugs (not fancy china cups!) and thermal mugs. We’re sure you’ll find other uses for them, when you do, please let us know.</p>","VsionAir","Tool & Airbrush Holders","Coast Europe, VsionAir, Tool & Airbrush Holders","TRUE","Title","Default Title","","","VAX-TM-M-SS","500","shopify","50","deny","manual","26.39","","TRUE","TRUE","","https://vsionair.com/wp-content/uploads/2021/05/VAX-T-M-SS-Spamrt-Speaker-Render-Reworked.png","1","","g","8424.90.00","GB"
"va-351","VsionAir Bottle & Airbrush Mount Holder (VAX-TS-ABP-HLDR)","<p>This little beauty was designed as a request by David Monnig especially for T Shirt Artists that have a need to have an array of pre loaded brushes enabling you to just pick them up and use them. Suitable for the 4oz. Createx bottles.</p>","VsionAir","Tool & Airbrush Holders","Coast Europe, VsionAir, Tool & Airbrush Holders","TRUE","Title","Default Title","","","VAX-S-ABP-HLDR","500","shopify","50","deny","manual","23.99","","TRUE","TRUE","","https://vsionair.com/wp-content/uploads/2021/05/VAX-TS-ABP-HLDR_T_Shirt_Airbrush_n_Paint_Bottle_Holder_Assembly_Render-Reworked.png","1","","g","8479.89.97","GB"
"va-349","VsiobAir 80mm Pot Organiser (VAX-POT1)","<p>https://youtu.be/uEGzpP0pawY<br/>A handy little pot 60mm square x 85mm deep ideal for storing your knives, scalpels and small paint brushes. supplied with 3D Printed Rubber top, mounting bolt, nut & rubber washer.</p>","VsionAir","Tool & Airbrush Holders","Coast Europe, VsionAir, Tool & Airbrush Holders","TRUE","Title","Default Title","","","VAX-POT1","500","shopify","50","deny","manual","11.99","","TRUE","TRUE","","https://vsionair.com/wp-content/uploads/2021/05/AB-POT-Render-Reworked.png","1","","g","8424.90.00","GB"
"va-347","VsionAir Flake King Gravity Spray Gun Holder (VAX-SPRYGN-HLDR)","<p>https://youtu.be/EAfa4Os2IzA<br/>Gravity Feed Spray Gun Holder mount anywhere horizontally on our VsionFrame TM– great for in the booth when swapping between applying binders and flake.</p>","VsionAir","Tool & Airbrush Holders","Coast Europe, VsionAir, Tool & Airbrush Holders","TRUE","Title","Default Title","","","VAX-SPRYGN-HLDR-1-1","500","shopify","50","deny","manual","14.39","","TRUE","TRUE","","https://vsionair.com/wp-content/uploads/2021/05/VAX-SPRYGUN-HLDR-Spray-Gun-Render-Reworked.png","1","","g","8424.20.00","GB"
"va-345","VsionAir Flake King 1000 Holder (VAX-1000-HLDR)","<p>https://youtu.be/lZvRDf-DNyU<br/>Flake King 1000/1050 Holder mount anywhere horizontally on our VsionFrame TM– great for in the booth when swapping between applying binders and flake.</p>","VsionAir","Tool & Airbrush Holders","Coast Europe, VsionAir, Tool & Airbrush Holders","TRUE","Title","Default Title","","","VAX-1000-HLDR-1","500","shopify","50","deny","manual","14.39","","TRUE","TRUE","","https://vsionair.com/wp-content/uploads/2021/05/VAX-1000-Holder-Render-Reworked.png","1","","g","3926.90.97","GB"
"va-343","VsionAir Flake King 500 Holder (VAX-500-HLDR)","<p>https://youtu.be/vrcLcQAKwvo<br/>Flake King 500/550 Holder mount anywhere horizontally on our VsionFrame TM– great for in the booth when swapping between applying binders and flake.</p>","VsionAir","Tool & Airbrush Holders","Coast Europe, VsionAir, Tool & Airbrush Holders","TRUE","Title","Default Title","","","VAX-500-HLDR","500","shopify","50","deny","manual","11.99","","TRUE","TRUE","","https://vsionair.com/wp-content/uploads/2021/05/VAX-500-HLDR-F0M500-Holder-Render-Reworked.png","1","","g","3926.90.97","GB"
"va-341","VsionAir Hook (VAX-HOOK)","<p>A simple 40mm hook that you can fix anywhere on our VsionFrameTM – great for hanging anything from a spray gun, to masking tape, stencils or even your hat!</p>","VsionAir","Tool & Airbrush Holders","Coast Europe, VsionAir, Tool & Airbrush Holders","TRUE","Title","Default Title","","","VAX-HOOK","500","shopify","50","deny","manual","7.19","","TRUE","TRUE","","https://vsionair.com/wp-content/uploads/2021/05/VAX-HOOK-40mm-Hook-Render-reworked.png","1","","g","8424.90.00","GB"
"va-339","VsionAir Paint Bottle Holder (VAX-PNT-HLDR)","<p>https://youtu.be/_-nhoKstnBM<br/>https://youtu.be/_-nhoKstnBM<br/>Paint Bottle Holder (VAX-PNT-HLDR) – Another quirky but handy little holder, mount it anywhere – it holds up to 6 bottles of paint from small square bottles of 30mm to large 4oz Createx bottles. They also bolt together for infinite storage.</p>","VsionAir","Tool & Airbrush Holders","Coast Europe, VsionAir, Tool & Airbrush Holders","TRUE","Title","Default Title","","","VAX-PNT-HLDR","500","shopify","50","deny","manual","23.99","","TRUE","TRUE","","https://vsionair.com/wp-content/uploads/2021/05/VAX-PNT-HLDR-Paint-Bottle-Holder-Render-Reworked.png","1","","g","8424.90.00","GB"
"va-336","VsionAir Reference & Spray Out Holder (VAX-REF)","<p>https://youtu.be/g6bL1qAWi0w<br/>This multi-purpose accessory made from powder coated steel can be used in different ways for different uses. Here are a few examples;<br/>1. It will hold a digital device perfect for reference or watching online Airbrush Courses, enabling you follow like for like.<br/>2. It can hold printed reference, simply set it at your most comfortable height. 3. It can hold plain paper, great for testing your paint is the right colour and the viscosity correct – you know the drill!<br/>4. Use it to hold your stencils on – dont they always fall on the floor or you can’t find them.<br/>You can configure to fasten right or left handed and comes with both digital brackets & sprung clipboard.</p>","VsionAir","Tool & Airbrush Holders","Coast Europe, VsionAir, Tool & Airbrush Holders","TRUE","Title","Default Title","","","VAx-REF","500","shopify","50","deny","manual","32.39","","TRUE","TRUE","","https://vsionair.com/wp-content/uploads/2021/05/VAX-REF-Digital-Reference-Holder-Render-reworked.png","1","","g","8424.90.00","GB"
"va-328","Vsionair tm Sparmax Regulator & Airline Holder (VAX-REG)","<p>https://youtu.be/pTiOy6g3lwY<br/>Do you use a quick release and swap between your airbrushes? Well this neat little mounting bracket holds both a Sparmax Pressure Regulator and airline holder – no more chasing it around the floor.<br/>It’s the little details that make the difference.<br/>Supplied with mounting nuts & bolts.</p>","VsionAir","Tool & Airbrush Holders","Coast Europe, VsionAir, Tool & Airbrush Holders","TRUE","Title","Default Title","","","VAX-REG","500","shopify","50","deny","manual","9.59","","TRUE","TRUE","","https://vsionair.com/wp-content/uploads/2021/05/Regulator_Holder_Assembly.png","1","","g","8424.90.00","GB"
"va-326","VsionAir Pressure Cleaning Pot & Holder (VAX-APCS)","<p>https://youtu.be/_FdJSHCTCfE<br/>Sometimes using a small bottle of airbrush cleaner just doesn’t cut it, Our 250ml squeeze bottle with small aperture spout enables to put some pressure and volume in there. It is supplied with its own mount so you can keep it to hand.<br/>Customers are also using them to hold the reducers/thinners they’re suitable for both water based & solvents products.</p>","VsionAir","Tool & Airbrush Holders","Coast Europe, VsionAir, Tool & Airbrush Holders","TRUE","Title","Default Title","","","VA-326","500","shopify","50","deny","manual","20.39","","TRUE","TRUE","","https://vsionair.com/wp-content/uploads/2021/05/VAX-APCS-Air-Pressure-Cleaning-Pot-Render-Reworked.png","1","","g","8424.90.00","GB"
"va-324","VsionAir Universal Cleaning Pot Holder (VAX-IWUSOP)","<p>Have your spray-out pot close to hand using our great little holder. Stops you from knocking it off the bench.<br/>It really helps when you can find your equipment easy, when everything is mounted correctly it makes life so much easier enabling to concentrate on your art.</p>","VsionAir","Tool & Airbrush Holders","Coast Europe, VsionAir, Tool & Airbrush Holders","TRUE","Title","Default Title","","","VAX-IWUSOP","500","shopify","50","deny","manual","23.99","","TRUE","TRUE","","https://vsionair.com/wp-content/uploads/2021/05/VAX-IWUSOP-Iwata-Spray-Out-Pot-Holder-Render-Reworked.png","1","","g","8424.90.00","GB"
"va-323","VsionAir Airbrush Holder Frame 300mm (VAX-ABHF-300)","<p>https://youtu.be/SIJMAgx7J6c<br/>Mount them vertically or horizontally to our Frame tm available in different lengths dependent upon how many airbrushes you want to hold. Comes with a pre screwed bolted and rubberised mount for easy fix. Illustration shows a fully loaded version.<br/>Please note that you will receive 1 frame of the length specified in the title together with pre fit mounting parts.</p>","VsionAir","Tool & Airbrush Holders","Coast Europe, VsionAir, Tool & Airbrush Holders","TRUE","Title","Default Title","","","VAX-ABHF-300","500","shopify","50","deny","manual","8.39","","TRUE","TRUE","","https://vsionair.com/wp-content/uploads/2021/05/VAX-ABH-6-Airbrush-Holder-Assembly-Render-Reworked.png","1","","g","8424.90.00","GB"
"va-322","VsionAir Airbrush Holder Frame 250mm (VAX-ABHF-250)","<p>https://youtu.be/SIJMAgx7J6c<br/>Mount them vertically or horizontally to our Frame tm available in different lengths dependent upon how many airbrushes you want to hold. Comes with a pre screwed bolted and rubberised mount for easy fix. Illustration shows a fully loaded version.<br/>Please note that you will receive 1 frame of the length specified in the title together with pre fit mounting parts.</p>","VsionAir","Tool & Airbrush Holders","Coast Europe, VsionAir, Tool & Airbrush Holders","TRUE","Title","Default Title","","","VAX-ABHF-250-1","500","shopify","50","deny","manual","7.19","","TRUE","TRUE","","https://vsionair.com/wp-content/uploads/2021/05/VAX-ABH-6-Airbrush-Holder-Assembly-Render-Reworked.png","1","","g","8424.90.00","GB"
"va-321","VsionAir Airbrush Holder Frame 200mm (VAX-ABHF-200)","<p>https://youtu.be/SIJMAgx7J6c<br/>Mount them vertically or horizontally to our Frame tm available in different lengths dependent upon how many airbrushes you want to hold. Comes with a pre screwed bolted and rubberised mount for easy fix. Illustration shows a fully loaded version.<br/>Please note that you will receive 1 frame of the length specified in the title together with pre fit mounting parts.</p>","VsionAir","Tool & Airbrush Holders","Coast Europe, VsionAir, Tool & Airbrush Holders","TRUE","Title","Default Title","","","VAX-ABHF-200","500","shopify","50","deny","manual","5.99","","TRUE","TRUE","","https://vsionair.com/wp-content/uploads/2021/05/VAX-ABH-6-Airbrush-Holder-Assembly-Render-Reworked.png","1","","g","8424.90.00","GB"
"va-319","VsionAir Airbrush Holder Frame 150mm (VAX-ABHF-150)","<p>https://youtu.be/SIJMAgx7J6c<br/>Mount them vertically or horizontally to our Frame tm available in different lengths dependent upon how many airbrushes you want to hold. Comes with a pre screwed bolted and rubberised mount for easy fix. Illustration shows a fully loaded version.<br/>Please note that you will receive 1 frame of the length specified in the title together with pre fit mounting parts.</p>","VsionAir","Tool & Airbrush Holders","Coast Europe, VsionAir, Tool & Airbrush Holders","TRUE","Title","Default Title","","","VAX-ABHF-150","500","shopify","50","deny","manual","4.79","","TRUE","TRUE","","https://vsionair.com/wp-content/uploads/2021/05/VAX-ABH-6-Airbrush-Holder-Assembly-Render-Reworked.png","1","","g","8424.90.00","GB"
"va-317","VsionAir tm Needle Cap Tray (VAX-NCH4)","<p>Holds up to 4 needle caps it screws directly to our Vframe – ideal for our Airbrush Holder Vframes.<br/>Image shows additional airbrush holders and<br/>Holds up to 4 needle caps it screws directly to our Vframe – ideal for our Airbrush Holder Vframes.<br/>Image shows additional airbrush holders and VFrames.</p>","VsionAir","Tool & Airbrush Holders","Coast Europe, VsionAir, Tool & Airbrush Holders","TRUE","Title","Default Title","","","VA-317","500","shopify","50","deny","manual","9.59","","TRUE","TRUE","","https://vsionair.com/wp-content/uploads/2021/05/VAX-ACH4-Aircap-Holder-4-Render-Reworked.png","1","","g","8424.90.00","GB"
"va-314","VsionAir tm Airbrush Holder (VAX-ABH)","<p>https://youtu.be/SIJMAgx7J6c<br/>A simple little holder. That allows you to screw it directly to the VsionFrame TM and set the angle of the airbrush – suitable for all our Tool Bars, and our Independent Airbrush Stations.<br/>You can expand the number of holders buy adding our VsionFrame TM</p>","VsionAir","Tool & Airbrush Holders","Coast Europe, VsionAir, Tool & Airbrush Holders","TRUE","Title","Default Title","","","VAX-ABH","500","shopify","50","deny","manual","7.19","","TRUE","TRUE","","https://vsionair.com/wp-content/uploads/2021/05/VAX-ABH-Airbrush-Holder-Render-Reworked.png","1","","g","8424.90.00","GB"
"va-312","VsionAir tm Skateboard Jig (VAX-JG-SKBD)","<p>We love boards! and what better way to pay homage to them than to have an actual skateboard jig.<br/><br/>This jig is ideal for all the prep work, priming sanding, base coating, flaking, painting, leafing, striping, clear coating, and polishing. You can set the angle lock it into place and do what you want.<br/>All our jigs can be used on both the Tri-Stand and Desk Mount Stand, meaning you can do the “dirty” work in the booth and then just lift them out and take to your studio to apply your artwork and detail. When you’ve finished take them back to the booth and clear coat, cut and polish all on one stand.<br/>To download a copy of the Assembly Drawing please click this link<br/>To download a copy of the packing list please click this link</p>","VsionAir","Work-Holding Jigs","Coast Europe, VsionAir, Work-Holding Jigs","TRUE","Title","Default Title","","","VAX-JG-SKBD","500","shopify","50","deny","manual","59.99","","TRUE","TRUE","","https://vsionair.com/wp-content/uploads/2021/05/VAX-HG-SKBD-Skateboard-Jig-Assembly-Render-Reworked.png","1","","g","8479.89.97","GB"
"va-310","VsionAir Thermal Mug Jig (VAX-JG-TM)","<p>We’ve heard that our American brothers and sisters custom paint a lot of thermal mugs such as YETI’s TM and the like. We’re such affable people “us Brits” that we wanted to make it easier for you to paint them. It relies on rubber discs that slide into the cup and hold it with suction.<br/>They’re set on a threaded rod so you can set the height they sit within the cup. The rod is connected to our VsionAir TM Frame and comes with a height adjuster so it simply drops into either the Desk Mount Stand or the TriStand TM<br/>All our jigs can be used on both the Tri-Stand and Desk Mount Stand, meaning you can do the “dirty” work in the booth and then just lift them out and take to your studio to apply your artwork and detail. When you’ve finished take them back to the booth and clear coat, cut and polish all on one stand.</p>","VsionAir","Work-Holding Jigs","Coast Europe, VsionAir, Work-Holding Jigs","TRUE","Title","Default Title","","","VAX-JG-TM","500","shopify","50","deny","manual","59.99","","TRUE","TRUE","","https://vsionair.com/wp-content/uploads/2021/05/VAX-JG-TM-Thermal-Mug-Jig-Reworked.png","1","","g","8479.89.97","GB"
"va-308","VsionAir Motorcycle & Car Wheel Jig (VAX-Jg-WHL)","<p>A very simple little jig that enables you to place a wheel on it and turn it, ideal for spraying or pinstriping. It has a removable top spinner for car wheels and a shaft for motorcycle wheels.<br/>That’s it – simple but really useful !<br/>All our jigs can be used on both the Tri-Stand and Desk Mount Stand, meaning you can do the “dirty” work in the booth and then just lift them out and take to your studio to apply your artwork and detail. When you’ve finished take them back to the booth and clear coat, cut and polish all on one stand.</p>","VsionAir","Work-Holding Jigs","Coast Europe, VsionAir, Work-Holding Jigs","TRUE","Title","Default Title","","","VAX-Jg-WHL","500","shopify","50","deny","manual","47.99","","TRUE","TRUE","","https://vsionair.com/wp-content/uploads/2021/05/VAX-JG-WHL-Wheel-Jig-Render1-Reworked.png","1","","g","8479.89.97","GB"
"va-306","VsionAir Motorcycle Helmet Jig (VAX-JG-HLMT)","<p>A very innovative design that utilises a unique chinstrap bracket and heavy duty rubber to hold the helmet to our internal VsionFrameTM, that is connected to another unique rotational ball and clamp mechanism. Giving you the ability to move and lock the helmet in the same way you can move your head.<br/>Again it has the height adjuster bracket that fits into our Angle Lock giving you a stable base and the ability to do any type of work on it. <br/>All our jigs can be used on both the Tri-Stand and Desk Mount Stand, meaning you can do the “dirty” work in the booth and then just lift them out and take to your studio to apply your artwork and detail. When you’ve finished take them back to the booth and clear coat, cut and polish all on one stand.<br/>Download the Assembly Drawing by clicking this link<br/>Download the Parts & Assemblies Packing List by clicking this link</p>","VsionAir","Work-Holding Jigs","Coast Europe, VsionAir, Work-Holding Jigs","TRUE","Title","Default Title","","","VAX-JG-HLMT","500","shopify","50","deny","manual","110.39","","TRUE","TRUE","","https://vsionair.com/wp-content/uploads/2021/05/VAX-JG-HLMT-Render-1-Reworked.png","1","","g","8479.89.97","GB"
"va-304","VsionAir Motorcycle Tank Rotisserie Jig (VAX-JG-MCTNK)","<p>A really cool and useful jig. This jig comes with varying lengths of VsionFrame and different mount options, basically it can handle any tank that has mount points even the “bung” type. The jig enables you to not only spin the tank on its horizontal frame axis but also the vertical axis, allowing you to spray the entire tank whilst being stood on one spot. You can lock the tank at any angle so you can use it for prep work, masking, pin striping, airbrushing and even polishing.<br/>This jig will evolve as more tank dimensional information comes to light, any potential items will be made available discounted for existing customers upon proof of original purchase. So keep your receipts!<br/>In the kit is a range of sizes of VFrame and various brackets, threaded bars nuts, bolts and threaded bung inserts and a height adjuster. there are also 2 angle lock adjuster brackets to lock the horizontal motion everything when working.<br/>All our jigs can be used on both the Tri-Stand and Desk Mount Stand, meaning you can do the “dirty” work in the booth and then just lift them out and take to your studio to apply your artwork and detail. When you’ve finished take them back to the booth and clear coat, cut and polish all on one stand.</p>","VsionAir","Work-Holding Jigs","Coast Europe, VsionAir, Work-Holding Jigs","TRUE","Title","Default Title","","","VAX-JG-MCTNK","500","shopify","50","deny","manual","227.99","","TRUE","TRUE","","https://vsionair.com/wp-content/uploads/2021/05/VAX-JG-MCTNK_VsionAir_Motorcycle_Tank_Jig_reworked.png","1","","g","8479.89.97","GB"
"va-302","Vsionair Motorcycle Fender/Mudguard Jig Set (VAX-JG-MCFDR)","<p>No more balancing fenders on water filled gallon tins. Held securely by unique screw in fixings that secure the fender.<br/>Using our VsionAir TM Height Bracket you can spin the fender on the vertical axis – again allowing you to paint the whole fender whilst stood in one position. You can also lock the jig – so you can use it for prep work, masking, pin striping, airbrushing and even polishing.<br/>All our jigs can be used on both the Tri-Stand and Desk Mount Stand, meaning you can do the “dirty” work in the booth and then just lift them out and take to your studio to apply your artwork and detail. When you’ve finished take them back to the booth and clear coat, cut and polish all on one stand.<br/>Download the Assembly Drawing by clicking this link<br/>Download the Parts & Assemblies Packing List by clicking this link</p>","VsionAir","Work-Holding Jigs","Coast Europe, VsionAir, Work-Holding Jigs","TRUE","Title","Default Title","","","VAX-JG-MCFDR","500","shopify","50","deny","manual","95.99","","TRUE","TRUE","","https://vsionair.com/wp-content/uploads/2021/05/VAX-JG-MCFDR-Render1-Reworked.png","1","","g","8479.89.97","GB"
"va-297","VsionAir Electric Guitar Jig (VAX-JG-GTR)","<p>VsionAir Electric Guitar Jig.<br/>Comes with everything you need to hold both the neck and the body of the guitar. Both jigs have the height adjuster for the VsionFrame TM  enabling you to rotate the “neck” axis and also lock it into a specific angle, allowing you to spray the entire piece whilst being stood on one spot. Because you can also lock it at any angle, you can use it for prep work, masking, pin striping, airbrushing and even polishing. You can also change the angle enabling you work on the top/bottom straight on – no bending<br/>This jig comes with 1 base mount that sits in the stands (desk & Tri-Stand) with an angle lock adjuster and 2 mount assemblies one for the body and one for the neck.<br/>All our jigs can be used on both the Tri-Stand and Desk Mount Stand, meaning you can do the “dirty” work in the booth and then just lift them out and take to your studio to apply your artwork and detail. When you’ve finished take them back to the booth and clear coat, cut and polish all on one stand.<br/>To download a copy of the Assembly Drawing please click this link<br/>To download a copy of the packing list please click this link</p>","VsionAir","Work-Holding Jigs","Coast Europe, VsionAir, Work-Holding Jigs","TRUE","Title","Default Title","","","VAX-JG-GTR","500","shopify","50","deny","manual","167.99","","TRUE","TRUE","","https://vsionair.com/wp-content/uploads/2021/05/VAX-JG-GTR-Guitar-Body-Jig-A-Render.png","1","","g","8479.89.97","GB"
"va-296","VsionAir TM A3 Airbrush Station Jig (VAX-JG-IABS-A3)","<p>The ideal jig if you want to paint on canvass, specialist cards and papers, the Vsionair tm Independent Airbrush Station is able to hold up to A3 (ANSI B) in both landscape and portrait. It’s steel faced making it fantastic to use magnets to hold your stencils and work on.<br/>The main structure is made from our unique VFrame tm which means that you can bolt any of our accessories to it.<br/>The main VsionBoard tm is finished in a neutral matt cream powder coat.</p>","VsionAir","Base Stands & Easels","Coast Europe, VsionAir, Base Stands & Easels","TRUE","Title","Default Title","","","VAX-JG-IABS-A3","500","shopify","50","deny","manual","119.99","","TRUE","TRUE","","https://vsionair.com/wp-content/uploads/2021/05/VAX-JG-A3VSBD-A3-VsionBoard-Jig_Reworked.png","1","","g","8479.89.97","GB"
"va-294","VsionAir TM A4 Airbrush Station Jig (VAX-JG-IABS-A4)","<p>The ideal jig if you want to paint on canvass, specialist cards and papers, the Vsionair tm Independent Airbrush Station is able to hold up to A4 (ANSI A) in both landscape or portrait. It’s steel faced making it fantastic to use magnets to hold your stencils and work on.<br/>The main structure is made from our unique VFrame tm which means that you can bolt any of our accessories to it.<br/>The main VsionBoard tm is finished in a neutral matt cream powder coat.</p>","VsionAir","Base Stands & Easels","Coast Europe, VsionAir, Base Stands & Easels","TRUE","Title","Default Title","","","VAX-JG-IABS-A4","500","shopify","50","deny","manual","95.99","","TRUE","TRUE","","https://vsionair.com/wp-content/uploads/2021/05/VAX-JG-A3VSBD-A3-VsionBoard-Jig_Reworked.png","1","","g","8479.89.97","GB"
"va-293","VsionAir tm Canvass Jig 1500mm Spine (VAX-JG-CNVSS-1500)","<p>Our Canvass jigs are ideal for holding canvasses up to 1300mm high. The top & bottom VFrame acts as a toolbar mount as well.<br/>We can special build Easels using our Canvass Jigs and Tri-Stands to create Easels that will hold a canvass of up to 2.5mm high by what ever width you require.</p>","VsionAir","Work-Holding Jigs","Coast Europe, VsionAir, Work-Holding Jigs","TRUE","Title","Default Title","","","VAX-JG-CNVSS-1500","500","shopify","50","deny","manual","143.99","","TRUE","TRUE","","https://vsionair.com/wp-content/uploads/2021/05/VAX-CNVSS-Canvass-Jig-Reworked.png","1","","g","8479.89.97","GB"
"va-288","VsionAir tm 60 LED Light with Mounting Brackets 600mm (VAX-LED-60)","<p>VsionAir tm 600mmLED Overhead Light, creates a nice bright workspace. works on 110 & 240 volt.</p>","VsionAir","Tool Bars & Lighting Rigs","Coast Europe, VsionAir, Tool Bars & Lighting Rigs","TRUE","Title","Default Title","","","VAX-LED-60","500","shopify","50","deny","manual","76.79","","TRUE","TRUE","","https://vsionair.com/wp-content/uploads/2021/05/LEDLight.jpg","1","","g","8479.89.97","GB"
"va-284","VAX Lighting, Camera & Dual Vertical Tool Bar Rig 1.2m (VAX-LCT-RIG-1200)","<p>The VsioAir Lighting, Camera & Vertical Tool Bar Rig, is designed to provide you with the physical structure to mount lighting, cameras and any of our accessories directly to it. It bolts to the horizontal tool bar and with the use of the IABS Brackets enables you to angle the vertical bars from directly above to 90 degrees behind the work area. This is a real game changer to your work area – you’ll be amazed at what you can mount to this.<br/>It mounts to both our Desk Mount Stand and our Tripod Stand (via our VsionAir Tool Bar). Available in 3 Widths 1m, 1.2m & 1.5m<br/>To download the assembly instructions please click on link<br/>To download the packing list please click on link</p>","VsionAir","Tool Bars & Lighting Rigs","Coast Europe, VsionAir, Tool Bars & Lighting Rigs","TRUE","Title","Default Title","","","VAX-LCT-RIG-1200","500","shopify","50","deny","manual","131.99","","TRUE","TRUE","","https://vsionair.com/wp-content/uploads/2021/05/1000mm_x_1200mm_Vertical_Tool_Bars__Lighting_Camera_Rig_Reworked.png","1","","g","7616.99.90","GB"
"va-282","VAX Lighting, Camera & Dual Vertical Tool Bar Rig 1m (VAX-LCT-RIG-1000)","<p>The VsioAir Lighting, Camera & Vertical Tool Bar Rig, is designed to provide you with the physical structure to mount lighting, cameras and any of our accessories directly to it. It bolts to the horizontal tool bar and with the use of the IABS Brackets enables you to angle the vertical bars from directly above to 90 degrees behind the work area. This is a real game changer to your work area – you’ll be amazed at what you can mount to this.<br/>It mounts to both our Desk Mount Stand and our Tripod Stand (via our VsionAir Tool Bar). Available in 3 Widths 1m, 1.2m & 1.5m<br/>To download the assembly instructions please click on link<br/>Tp download the packing list please click on link</p>","VsionAir","Tool Bars & Lighting Rigs","Coast Europe, VsionAir, Tool Bars & Lighting Rigs","TRUE","Title","Default Title","","","VAX-LCT-RIG-1000","500","shopify","50","deny","manual","119.99","","TRUE","TRUE","","https://vsionair.com/wp-content/uploads/2021/05/1000mm_x_1200mm_Vertical_Tool_Bars__Lighting_Camera_Rig_Reworked.png","1","","g","7616.99.90","GB"
"va-281","VsionFrame tm Tool Bar 1500mm (VAX-FRM-1500-TB)","<p>If you want to expand the range of useful accessories to your workstation then look no further than our VsionFrame tm Tool Bar will bolt directly to both our Desk Mount Stand and our Tri-Stand, it will also bolt to the front our our Independent Airbrush Station if you also purchase and additional 2 of our VBrackets.<br/>The VsionFrame Tool Bar is available in 5 sizes…<br/>500mm, 750mm, 1000mm, 1200mm & 1500mm.</p>","VsionAir","Tool Bars & Lighting Rigs","Coast Europe, VsionAir, Tool Bars & Lighting Rigs","TRUE","Title","Default Title","","","VAX-FRM-1500-TB","500","shopify","50","deny","manual","31.19","","TRUE","TRUE","","https://vsionair.com/wp-content/uploads/2021/05/VsionFrame-Render-Reworked.png","1","","g","7616.99.90","GB"
"va-280","VsionFrame tm Tool Bar 1200mm (VAX-FRM-1200-TB)","<p>If you want to expand the range of useful accessories to your workstation then look no further than our VsionFrame tm Tool Bar will bolt directly to both our Desk Mount Stand and our Tri-Stand, it will also bolt to the front our our Independent Airbrush Station if you also purchase and additional 2 of our VBrackets.<br/>The VsionFrame Tool Bar is available in 5 sizes…<br/>500mm, 750mm, 1000mm, 1200mm & 1500mm.</p>","VsionAir","Tool Bars & Lighting Rigs","Coast Europe, VsionAir, Tool Bars & Lighting Rigs","TRUE","Title","Default Title","","","VAX-FRM-1200-TB","500","shopify","50","deny","manual","28.79","","TRUE","TRUE","","https://vsionair.com/wp-content/uploads/2021/05/VsionFrame-Render-Reworked.png","1","","g","7616.99.90","GB"
"va-279","VsionFrame tm Tool Bar 1000mm (VAX-FRM-1000-TB)","<p>If you want to expand the range of useful accessories to your workstation then look no further than our VsionFrame tm Tool Bar will bolt directly to both our Desk Mount Stand and our Tri-Stand, it will also bolt to the front our our Independent Airbrush Station if you also purchase and additional 2 of our VBrackets.<br/>The VsionFrame Tool Bar is available in 5 sizes…<br/>500mm, 750mm, 1000mm, 1200mm & 1500mm.</p>","VsionAir","Tool Bars & Lighting Rigs","Coast Europe, VsionAir, Tool Bars & Lighting Rigs","TRUE","Title","Default Title","","","VAX-FRM-1000-TB","500","shopify","50","deny","manual","23.99","","TRUE","TRUE","","https://vsionair.com/wp-content/uploads/2021/05/VsionFrame-Render-Reworked.png","1","","g","7616.99.90","GB"
"va-278","VsionFrame tm Tool Bar 750mm (VAX-FRM-750-TB)","<p>If you want to expand the range of useful accessories to your workstation then look no further than our VsionFrame tm Tool Bar will bolt directly to both our Desk Mount Stand and our Tri-Stand, it will also bolt to the front our our Independent Airbrush Station if you also purchase and additional 2 of our VBrackets.<br/>The VsionFrame Tool Bar is available in 5 sizes…<br/>500mm, 750mm, 1000mm, 1200mm & 1500mm.</p>","VsionAir","Tool Bars & Lighting Rigs","Coast Europe, VsionAir, Tool Bars & Lighting Rigs","TRUE","Title","Default Title","","","VAX-FRM-750-TB","500","shopify","50","deny","manual","16.79","","TRUE","TRUE","","https://vsionair.com/wp-content/uploads/2021/05/VsionFrame-Render-Reworked.png","1","","g","7616.99.90","GB"
"va-270","VsionFrame tm Tool Bar 500mm (VAX-FRM-500-TB)","<p>If you want to expand the range of useful accessories to your workstation then look no further than our VsionFrame tm Tool Bar will bolt directly to both our Desk Mount Stand and our Tri-Stand, it will also bolt to the front our our Independent Airbrush Station if you also purchase and additional 2 of our VBrackets.<br/>The VsionFrame Tool Bar is available in 5 sizes…<br/>500mm, 750mm, 1000mm, 1200mm & 1500mm.</p>","VsionAir","Tool Bars & Lighting Rigs","Coast Europe, VsionAir, Tool Bars & Lighting Rigs","TRUE","Title","Default Title","","","VAX-FRM-500-TB","500","shopify","50","deny","manual","11.99","","TRUE","TRUE","","https://vsionair.com/wp-content/uploads/2021/05/VsionFrame-Render-Reworked.png","1","","g","7616.99.90","GB"
"va-268","VAX-IABS VsionAir Independent Airbrush Station","<p>If you only paint on canvass, specialist cards and papers, the Vsionair tm Independent Airbrush Station forms the ideal base. It is able to hold up to A3 (ANSI B) in both landscape and portrait. It’s steel faced making it fantastic to use magnets to hold your stencils and work on.<br/>The main structure is made from our unique VFrame tm which means that you can bolt any of our accessories to it. I has stops on the front base to stop it from being pushed away when pressure is applied.<br/>You can also purchase additional tool bars that will fasten to the front base enabling you to expand the range off accessories you can add.<br/>If you later wish to move to our Desk Mount and or Tri-Stand, we have an upgrade kit which will allow you to convert it, giving you flexibility and peace of mind.<br/>The main VsionBoard is now finished in a neutral matt mid grey powder coat. This colour was recommended by Marissa Oosterlee being this colour maintains your eyes colour balance for extreme accuracy of colour matching whilst painting.<br/>To download a copy of the Assembly Drawing please click this link<br/>To download a copy of the packing list please click this link</p>","VsionAir","Base Stands & Easels","Coast Europe, VsionAir, Base Stands & Easels","TRUE","Title","Default Title","","","VAX-IABS","500","shopify","50","deny","manual","119.99","","TRUE","TRUE","","https://vsionair.com/wp-content/uploads/2021/05/VAX-A3-IABS_VisonAir_Independent_Airbrush_Station_FKLogo.png","1","","g","7616.99.90","GB"
"va-265","Angle Lock Adjuster (VAX-ALA)","<p>Our VsionAir Angle & Lock Adjuster is an optional accessory for both our Desk Mount & TriStand it bolts directly to the top bracket.<br/>It allows you to drop the jig in it and spin it on the vertical axis freely, but also has the ability to lock the jig at any rotational angle. Making it ideal for locking your parts when performing critical actions, for example welding. taping up – lining out, striping, airbrushing, polishing.<br/>Finished in bright zinc.</p>","VsionAir","Fixings, Knobs & Hardware","Coast Europe, VsionAir, Fixings, Knobs & Hardware","TRUE","Title","Default Title","","","VAX-ALA","500","shopify","50","deny","manual","30.99","","TRUE","TRUE","","https://vsionair.com/wp-content/uploads/2021/06/VAX-ALA-Angle-Lock-Adjuster-Render-Web.png","1","","g","7318.15.95","GB"
"va-262","Crown Feet for VsionAir Tri-Stand (VAX-CRWN-FT)","<p>The Crown Feet, are not just a really cool aesthetic to enhance the Tri-Stand.<br/>They are also a functional addition in that if you have a down draft gridded floor they stop the legs from potentially falling into the gridded openings and falling over. Finished in red powder coat and supplied with mounting bolts, nuts and washers.</p>","VsionAir","Base Stands & Easels","Coast Europe, VsionAir, Base Stands & Easels","TRUE","Title","Default Title","","","VAX-CRWN-FT","500","shopify","50","deny","manual","20.39","","TRUE","TRUE","","https://vsionair.com/wp-content/uploads/2021/05/VAX-CRWN-FT.png","1","","g","7616.99.90","GB"
"va-260","VsionAir Desk Mount Clamp (VAX-DM2)","<p>Vsionair VAX-DM2 Desk Mount Clamp is made from 4mm steel, it simply slides up Desk Mount down tube and then tightens with two 8mm threaded handles.<br/>Providing a great unobtrusive mount.<br/>We have to say if you’re going to holding really heavy items – we strongly recommend using the drill and screw method supplied with your desk mount.</p>","VsionAir","Base Stands & Easels","Coast Europe, VsionAir, Base Stands & Easels","TRUE","Title","Default Title","","","VAX-DM2","500","shopify","50","deny","manual","35.99","","TRUE","TRUE","","https://vsionair.com/wp-content/uploads/2021/05/Desk_Mount_Clamp_Assembly_Reworked.png","1","","g","8479.89.97","GB"
"va-256","VsionAir Desk Mount -(VAX-DM1)","<p>Being made from 6mm thick aluminium plate, it is very strong. The beauty of our platform system is the flexibility you have holding your work piece by simply dropping the jig into the tubed hole and you’re ready to go. You can add all your tools and accessories by bolting the horizontal tool bar to the base.  It can be mounted using two methods. Method 1. Drilling holes in the desk top will allow you slide the Desk Mount in and out to accommodate challenging items like fenders (mudguards) or if you don’t want to drill your desk top, you can purchase the Desk Mount Clamp (Method 2) pictured. Finished in our signature red & black powder coat.</p>","VsionAir","Base Stands & Easels","Coast Europe, VsionAir, Base Stands & Easels","TRUE","Title","Default Title","","","VAX-DM1","500","shopify","50","deny","manual","95.99","","TRUE","TRUE","","https://vsionair.com/wp-content/uploads/2021/05/VAX-DM1-Desk-Mount-Assembly.png","1","","g","8479.89.97","GB"
"va-255","VsionAir Tri-Stand (VAX-TRI)","<p>Our TristandTM is made of aluminium, making it very strong and portable. The brackets are designed to be extremely adjustable, having both fixed holes for speed and slots for maximum adjustability.<br/> The square bracket on the top enables you to bolt additional horizontal toolbars to mount your desired accessories. You can add the Angle Lock, this will allow you to lock your jigs on the vertical axis. <br/>Image shows the optional feet. They are not typically needed unless you have a slotted steel floor such as in down draught booths. Finished in red & black powder coat.</p>","VsionAir","Base Stands & Easels","Coast Europe, VsionAir, Base Stands & Easels","TRUE","Title","Default Title","","","VAX-TRI","500","shopify","50","deny","manual","239.99","","TRUE","TRUE","","https://vsionair.com/wp-content/uploads/2021/05/VAX-TRI-Vsion-Air-TriPod-with-Feet.png","1","","g","7616.99.90","GB"